Employee_ID,Company,Department,Employee_Type,Month,Performance,Role_Change,Team_Change,Leadership_Change,Technology_Change,Process_Change,Culture_Change,Location_Environment_Change,Adaptability_GroundTruth,role_change,team_change,leadership_change,technology_change,process_change,culture_change,location_environment_change
E001,Company A,IT,Stable Specialist,-6,73.3,86.0,74.0,74.0,87.0,99.0,23.0,2.0,0.6,,,,,,,
E001,Company A,IT,Stable Specialist,-5,71.29,86.0,74.0,74.0,87.0,99.0,23.0,2.0,0.6,,,,,,,
E001,Company A,IT,Stable Specialist,-4,71.29,86.0,74.0,74.0,87.0,99.0,23.0,2.0,0.6,,,,,,,
E001,Company A,IT,Stable Specialist,-3,72.7,86.0,74.0,74.0,87.0,99.0,23.0,2.0,0.6,,,,,,,
E001,Company A,IT,Stable Specialist,-2,68.39,86.0,74.0,74.0,87.0,99.0,23.0,2.0,0.6,,,,,,,
E001,Company A,IT,Stable Specialist,-1,68.77,86.0,74.0,74.0,87.0,99.0,23.0,2.0,0.6,,,,,,,
E001,Company A,IT,Stable Specialist,0,52.06,86.0,74.0,74.0,87.0,99.0,23.0,2.0,0.6,,,,,,,
E001,Company A,IT,Stable Specialist,1,53.89,86.0,74.0,74.0,87.0,99.0,23.0,2.0,0.6,,,,,,,
E001,Company A,IT,Stable Specialist,2,59.26,86.0,74.0,74.0,87.0,99.0,23.0,2.0,0.6,,,,,,,
E001,Company A,IT,Stable Specialist,3,59.54,86.0,74.0,74.0,87.0,99.0,23.0,2.0,0.6,,,,,,,
E001,Company A,IT,Stable Specialist,4,61.26,86.0,74.0,74.0,87.0,99.0,23.0,2.0,0.6,,,,,,,
E001,Company A,IT,Stable Specialist,5,69.73,86.0,74.0,74.0,87.0,99.0,23.0,2.0,0.6,,,,,,,
E001,Company A,IT,Stable Specialist,6,69.07,86.0,74.0,74.0,87.0,99.0,23.0,2.0,0.6,,,,,,,
E002,Company A,Marketing,Resilient,-6,83.24,2.0,100.0,50.0,6.0,20.0,72.0,38.0,0.9,,,,,,,
E002,Company A,Marketing,Resilient,-5,82.56,2.0,100.0,50.0,6.0,20.0,72.0,38.0,0.9,,,,,,,
E002,Company A,Marketing,Resilient,-4,78.8,2.0,100.0,50.0,6.0,20.0,72.0,38.0,0.9,,,,,,,
E002,Company A,Marketing,Resilient,-3,83.26,2.0,100.0,50.0,6.0,20.0,72.0,38.0,0.9,,,,,,,
E002,Company A,Marketing,Resilient,-2,81.74,2.0,100.0,50.0,6.0,20.0,72.0,38.0,0.9,,,,,,,
E002,Company A,Marketing,Resilient,-1,80.22,2.0,100.0,50.0,6.0,20.0,72.0,38.0,0.9,,,,,,,
E002,Company A,Marketing,Resilient,0,71.94,2.0,100.0,50.0,6.0,20.0,72.0,38.0,0.9,,,,,,,
E002,Company A,Marketing,Resilient,1,79.55,2.0,100.0,50.0,6.0,20.0,72.0,38.0,0.9,,,,,,,
E002,Company A,Marketing,Resilient,2,81.17,2.0,100.0,50.0,6.0,20.0,72.0,38.0,0.9,,,,,,,
E002,Company A,Marketing,Resilient,3,83.98,2.0,100.0,50.0,6.0,20.0,72.0,38.0,0.9,,,,,,,
E002,Company A,Marketing,Resilient,4,90.2,2.0,100.0,50.0,6.0,20.0,72.0,38.0,0.9,,,,,,,
E002,Company A,Marketing,Resilient,5,94.14,2.0,100.0,50.0,6.0,20.0,72.0,38.0,0.9,,,,,,,
E002,Company A,Marketing,Resilient,6,99.36,2.0,100.0,50.0,6.0,20.0,72.0,38.0,0.9,,,,,,,
E003,Company A,HR,Declining,-6,81.7,86.0,61.0,39.0,84.0,79.0,81.0,52.0,0.1,,,,,,,
E003,Company A,HR,Declining,-5,78.51,86.0,61.0,39.0,84.0,79.0,81.0,52.0,0.1,,,,,,,
E003,Company A,HR,Declining,-4,82.97,86.0,61.0,39.0,84.0,79.0,81.0,52.0,0.1,,,,,,,
E003,Company A,HR,Declining,-3,79.84,86.0,61.0,39.0,84.0,79.0,81.0,52.0,0.1,,,,,,,
E003,Company A,HR,Declining,-2,80.5,86.0,61.0,39.0,84.0,79.0,81.0,52.0,0.1,,,,,,,
E003,Company A,HR,Declining,-1,81.44,86.0,61.0,39.0,84.0,79.0,81.0,52.0,0.1,,,,,,,
E003,Company A,HR,Declining,0,51.18,86.0,61.0,39.0,84.0,79.0,81.0,52.0,0.1,,,,,,,
E003,Company A,HR,Declining,1,48.26,86.0,61.0,39.0,84.0,79.0,81.0,52.0,0.1,,,,,,,
E003,Company A,HR,Declining,2,49.46,86.0,61.0,39.0,84.0,79.0,81.0,52.0,0.1,,,,,,,
E003,Company A,HR,Declining,3,52.58,86.0,61.0,39.0,84.0,79.0,81.0,52.0,0.1,,,,,,,
E003,Company A,HR,Declining,4,51.74,86.0,61.0,39.0,84.0,79.0,81.0,52.0,0.1,,,,,,,
E003,Company A,HR,Declining,5,51.44,86.0,61.0,39.0,84.0,79.0,81.0,52.0,0.1,,,,,,,
E003,Company A,HR,Declining,6,50.05,86.0,61.0,39.0,84.0,79.0,81.0,52.0,0.1,,,,,,,
E004,Company A,HR,Declining,-6,69.29,87.0,36.0,98.0,43.0,85.0,90.0,34.0,0.1,,,,,,,
E004,Company A,HR,Declining,-5,71.39,87.0,36.0,98.0,43.0,85.0,90.0,34.0,0.1,,,,,,,
E004,Company A,HR,Declining,-4,71.03,87.0,36.0,98.0,43.0,85.0,90.0,34.0,0.1,,,,,,,
E004,Company A,HR,Declining,-3,72.43,87.0,36.0,98.0,43.0,85.0,90.0,34.0,0.1,,,,,,,
E004,Company A,HR,Declining,-2,70.12,87.0,36.0,98.0,43.0,85.0,90.0,34.0,0.1,,,,,,,
E004,Company A,HR,Declining,-1,76.19,87.0,36.0,98.0,43.0,85.0,90.0,34.0,0.1,,,,,,,
E004,Company A,HR,Declining,0,37.53,87.0,36.0,98.0,43.0,85.0,90.0,34.0,0.1,,,,,,,
E004,Company A,HR,Declining,1,37.78,87.0,36.0,98.0,43.0,85.0,90.0,34.0,0.1,,,,,,,
E004,Company A,HR,Declining,2,37.65,87.0,36.0,98.0,43.0,85.0,90.0,34.0,0.1,,,,,,,
E004,Company A,HR,Declining,3,34.14,87.0,36.0,98.0,43.0,85.0,90.0,34.0,0.1,,,,,,,
E004,Company A,HR,Declining,4,38.26,87.0,36.0,98.0,43.0,85.0,90.0,34.0,0.1,,,,,,,
E004,Company A,HR,Declining,5,37.18,87.0,36.0,98.0,43.0,85.0,90.0,34.0,0.1,,,,,,,
E004,Company A,HR,Declining,6,34.61,87.0,36.0,98.0,43.0,85.0,90.0,34.0,0.1,,,,,,,
E005,Company A,Operations,Vulnerable,-6,72.39,31.0,70.0,58.0,85.0,27.0,65.0,41.0,0.25,,,,,,,
E005,Company A,Operations,Vulnerable,-5,70.58,31.0,70.0,58.0,85.0,27.0,65.0,41.0,0.25,,,,,,,
E005,Company A,Operations,Vulnerable,-4,70.7,31.0,70.0,58.0,85.0,27.0,65.0,41.0,0.25,,,,,,,
E005,Company A,Operations,Vulnerable,-3,72.81,31.0,70.0,58.0,85.0,27.0,65.0,41.0,0.25,,,,,,,
E005,Company A,Operations,Vulnerable,-2,70.42,31.0,70.0,58.0,85.0,27.0,65.0,41.0,0.25,,,,,,,
E005,Company A,Operations,Vulnerable,-1,69.45,31.0,70.0,58.0,85.0,27.0,65.0,41.0,0.25,,,,,,,
E005,Company A,Operations,Vulnerable,0,50.44,31.0,70.0,58.0,85.0,27.0,65.0,41.0,0.25,,,,,,,
E005,Company A,Operations,Vulnerable,1,50.18,31.0,70.0,58.0,85.0,27.0,65.0,41.0,0.25,,,,,,,
E005,Company A,Operations,Vulnerable,2,51.56,31.0,70.0,58.0,85.0,27.0,65.0,41.0,0.25,,,,,,,
E005,Company A,Operations,Vulnerable,3,56.45,31.0,70.0,58.0,85.0,27.0,65.0,41.0,0.25,,,,,,,
E005,Company A,Operations,Vulnerable,4,54.92,31.0,70.0,58.0,85.0,27.0,65.0,41.0,0.25,,,,,,,
E005,Company A,Operations,Vulnerable,5,51.8,31.0,70.0,58.0,85.0,27.0,65.0,41.0,0.25,,,,,,,
E005,Company A,Operations,Vulnerable,6,59.41,31.0,70.0,58.0,85.0,27.0,65.0,41.0,0.25,,,,,,,
E006,Company A,Operations,Stable Specialist,-6,70.22,31.0,95.0,87.0,51.0,61.0,57.0,51.0,0.6,,,,,,,
E006,Company A,Operations,Stable Specialist,-5,70.81,31.0,95.0,87.0,51.0,61.0,57.0,51.0,0.6,,,,,,,
E006,Company A,Operations,Stable Specialist,-4,73.24,31.0,95.0,87.0,51.0,61.0,57.0,51.0,0.6,,,,,,,
E006,Company A,Operations,Stable Specialist,-3,72.2,31.0,95.0,87.0,51.0,61.0,57.0,51.0,0.6,,,,,,,
E006,Company A,Operations,Stable Specialist,-2,73.02,31.0,95.0,87.0,51.0,61.0,57.0,51.0,0.6,,,,,,,
E006,Company A,Operations,Stable Specialist,-1,72.17,31.0,95.0,87.0,51.0,61.0,57.0,51.0,0.6,,,,,,,
E006,Company A,Operations,Stable Specialist,0,51.54,31.0,95.0,87.0,51.0,61.0,57.0,51.0,0.6,,,,,,,
E006,Company A,Operations,Stable Specialist,1,58.17,31.0,95.0,87.0,51.0,61.0,57.0,51.0,0.6,,,,,,,
E006,Company A,Operations,Stable Specialist,2,60.72,31.0,95.0,87.0,51.0,61.0,57.0,51.0,0.6,,,,,,,
E006,Company A,Operations,Stable Specialist,3,56.87,31.0,95.0,87.0,51.0,61.0,57.0,51.0,0.6,,,,,,,
E006,Company A,Operations,Stable Specialist,4,68.11,31.0,95.0,87.0,51.0,61.0,57.0,51.0,0.6,,,,,,,
E006,Company A,Operations,Stable Specialist,5,72.75,31.0,95.0,87.0,51.0,61.0,57.0,51.0,0.6,,,,,,,
E006,Company A,Operations,Stable Specialist,6,74.17,31.0,95.0,87.0,51.0,61.0,57.0,51.0,0.6,,,,,,,
E007,Company A,Marketing,Declining,-6,72.59,23.0,68.0,97.0,69.0,85.0,10.0,15.0,0.1,,,,,,,
E007,Company A,Marketing,Declining,-5,74.16,23.0,68.0,97.0,69.0,85.0,10.0,15.0,0.1,,,,,,,
E007,Company A,Marketing,Declining,-4,72.49,23.0,68.0,97.0,69.0,85.0,10.0,15.0,0.1,,,,,,,
E007,Company A,Marketing,Declining,-3,70.77,23.0,68.0,97.0,69.0,85.0,10.0,15.0,0.1,,,,,,,
E007,Company A,Marketing,Declining,-2,70.02,23.0,68.0,97.0,69.0,85.0,10.0,15.0,0.1,,,,,,,
E007,Company A,Marketing,Declining,-1,72.05,23.0,68.0,97.0,69.0,85.0,10.0,15.0,0.1,,,,,,,
E007,Company A,Marketing,Declining,0,48.08,23.0,68.0,97.0,69.0,85.0,10.0,15.0,0.1,,,,,,,
E007,Company A,Marketing,Declining,1,51.29,23.0,68.0,97.0,69.0,85.0,10.0,15.0,0.1,,,,,,,
E007,Company A,Marketing,Declining,2,48.08,23.0,68.0,97.0,69.0,85.0,10.0,15.0,0.1,,,,,,,
E007,Company A,Marketing,Declining,3,50.84,23.0,68.0,97.0,69.0,85.0,10.0,15.0,0.1,,,,,,,
E007,Company A,Marketing,Declining,4,48.97,23.0,68.0,97.0,69.0,85.0,10.0,15.0,0.1,,,,,,,
E007,Company A,Marketing,Declining,5,48.21,23.0,68.0,97.0,69.0,85.0,10.0,15.0,0.1,,,,,,,
E007,Company A,Marketing,Declining,6,46.9,23.0,68.0,97.0,69.0,85.0,10.0,15.0,0.1,,,,,,,
E008,Company A,Finance,Rapid Adaptor,-6,83.0,98.0,6.0,15.0,89.0,59.0,1.0,0.0,0.8,,,,,,,
E008,Company A,Finance,Rapid Adaptor,-5,78.97,98.0,6.0,15.0,89.0,59.0,1.0,0.0,0.8,,,,,,,
E008,Company A,Finance,Rapid Adaptor,-4,78.8,98.0,6.0,15.0,89.0,59.0,1.0,0.0,0.8,,,,,,,
E008,Company A,Finance,Rapid Adaptor,-3,82.48,98.0,6.0,15.0,89.0,59.0,1.0,0.0,0.8,,,,,,,
E008,Company A,Finance,Rapid Adaptor,-2,82.03,98.0,6.0,15.0,89.0,59.0,1.0,0.0,0.8,,,,,,,
E008,Company A,Finance,Rapid Adaptor,-1,81.94,98.0,6.0,15.0,89.0,59.0,1.0,0.0,0.8,,,,,,,
E008,Company A,Finance,Rapid Adaptor,0,78.98,98.0,6.0,15.0,89.0,59.0,1.0,0.0,0.8,,,,,,,
E008,Company A,Finance,Rapid Adaptor,1,81.57,98.0,6.0,15.0,89.0,59.0,1.0,0.0,0.8,,,,,,,
E008,Company A,Finance,Rapid Adaptor,2,88.04,98.0,6.0,15.0,89.0,59.0,1.0,0.0,0.8,,,,,,,
E008,Company A,Finance,Rapid Adaptor,3,92.81,98.0,6.0,15.0,89.0,59.0,1.0,0.0,0.8,,,,,,,
E008,Company A,Finance,Rapid Adaptor,4,95.44,98.0,6.0,15.0,89.0,59.0,1.0,0.0,0.8,,,,,,,
E008,Company A,Finance,Rapid Adaptor,5,100.0,98.0,6.0,15.0,89.0,59.0,1.0,0.0,0.8,,,,,,,
E008,Company A,Finance,Rapid Adaptor,6,100.0,98.0,6.0,15.0,89.0,59.0,1.0,0.0,0.8,,,,,,,
E009,Company A,Operations,Resilient,-6,88.94,13.0,20.0,47.0,19.0,7.0,6.0,66.0,0.9,,,,,,,
E009,Company A,Operations,Resilient,-5,84.65,13.0,20.0,47.0,19.0,7.0,6.0,66.0,0.9,,,,,,,
E009,Company A,Operations,Resilient,-4,83.63,13.0,20.0,47.0,19.0,7.0,6.0,66.0,0.9,,,,,,,
E009,Company A,Operations,Resilient,-3,83.36,13.0,20.0,47.0,19.0,7.0,6.0,66.0,0.9,,,,,,,
E009,Company A,Operations,Resilient,-2,83.51,13.0,20.0,47.0,19.0,7.0,6.0,66.0,0.9,,,,,,,
E009,Company A,Operations,Resilient,-1,84.99,13.0,20.0,47.0,19.0,7.0,6.0,66.0,0.9,,,,,,,
E009,Company A,Operations,Resilient,0,82.82,13.0,20.0,47.0,19.0,7.0,6.0,66.0,0.9,,,,,,,
E009,Company A,Operations,Resilient,1,88.39,13.0,20.0,47.0,19.0,7.0,6.0,66.0,0.9,,,,,,,
E009,Company A,Operations,Resilient,2,95.18,13.0,20.0,47.0,19.0,7.0,6.0,66.0,0.9,,,,,,,
E009,Company A,Operations,Resilient,3,99.25,13.0,20.0,47.0,19.0,7.0,6.0,66.0,0.9,,,,,,,
E009,Company A,Operations,Resilient,4,100.0,13.0,20.0,47.0,19.0,7.0,6.0,66.0,0.9,,,,,,,
E009,Company A,Operations,Resilient,5,100.0,13.0,20.0,47.0,19.0,7.0,6.0,66.0,0.9,,,,,,,
E009,Company A,Operations,Resilient,6,100.0,13.0,20.0,47.0,19.0,7.0,6.0,66.0,0.9,,,,,,,
E010,Company A,Operations,Delayed Adaptor,-6,81.45,34.0,63.0,48.0,16.0,43.0,91.0,29.0,0.5,,,,,,,
E010,Company A,Operations,Delayed Adaptor,-5,79.06,34.0,63.0,48.0,16.0,43.0,91.0,29.0,0.5,,,,,,,
E010,Company A,Operations,Delayed Adaptor,-4,81.52,34.0,63.0,48.0,16.0,43.0,91.0,29.0,0.5,,,,,,,
E010,Company A,Operations,Delayed Adaptor,-3,82.06,34.0,63.0,48.0,16.0,43.0,91.0,29.0,0.5,,,,,,,
E010,Company A,Operations,Delayed Adaptor,-2,79.28,34.0,63.0,48.0,16.0,43.0,91.0,29.0,0.5,,,,,,,
E010,Company A,Operations,Delayed Adaptor,-1,78.12,34.0,63.0,48.0,16.0,43.0,91.0,29.0,0.5,,,,,,,
E010,Company A,Operations,Delayed Adaptor,0,69.27,34.0,63.0,48.0,16.0,43.0,91.0,29.0,0.5,,,,,,,
E010,Company A,Operations,Delayed Adaptor,1,74.51,34.0,63.0,48.0,16.0,43.0,91.0,29.0,0.5,,,,,,,
E010,Company A,Operations,Delayed Adaptor,2,76.07,34.0,63.0,48.0,16.0,43.0,91.0,29.0,0.5,,,,,,,
E010,Company A,Operations,Delayed Adaptor,3,79.93,34.0,63.0,48.0,16.0,43.0,91.0,29.0,0.5,,,,,,,
E010,Company A,Operations,Delayed Adaptor,4,84.99,34.0,63.0,48.0,16.0,43.0,91.0,29.0,0.5,,,,,,,
E010,Company A,Operations,Delayed Adaptor,5,84.72,34.0,63.0,48.0,16.0,43.0,91.0,29.0,0.5,,,,,,,
E010,Company A,Operations,Delayed Adaptor,6,85.44,34.0,63.0,48.0,16.0,43.0,91.0,29.0,0.5,,,,,,,
E011,Company A,Sales,Rapid Adaptor,-6,71.8,1.0,89.0,16.0,32.0,8.0,42.0,47.0,0.8,,,,,,,
E011,Company A,Sales,Rapid Adaptor,-5,67.76,1.0,89.0,16.0,32.0,8.0,42.0,47.0,0.8,,,,,,,
E011,Company A,Sales,Rapid Adaptor,-4,69.84,1.0,89.0,16.0,32.0,8.0,42.0,47.0,0.8,,,,,,,
E011,Company A,Sales,Rapid Adaptor,-3,69.39,1.0,89.0,16.0,32.0,8.0,42.0,47.0,0.8,,,,,,,
E011,Company A,Sales,Rapid Adaptor,-2,71.25,1.0,89.0,16.0,32.0,8.0,42.0,47.0,0.8,,,,,,,
E011,Company A,Sales,Rapid Adaptor,-1,69.75,1.0,89.0,16.0,32.0,8.0,42.0,47.0,0.8,,,,,,,
E011,Company A,Sales,Rapid Adaptor,0,66.79,1.0,89.0,16.0,32.0,8.0,42.0,47.0,0.8,,,,,,,
E011,Company A,Sales,Rapid Adaptor,1,67.86,1.0,89.0,16.0,32.0,8.0,42.0,47.0,0.8,,,,,,,
E011,Company A,Sales,Rapid Adaptor,2,78.92,1.0,89.0,16.0,32.0,8.0,42.0,47.0,0.8,,,,,,,
E011,Company A,Sales,Rapid Adaptor,3,76.46,1.0,89.0,16.0,32.0,8.0,42.0,47.0,0.8,,,,,,,
E011,Company A,Sales,Rapid Adaptor,4,85.2,1.0,89.0,16.0,32.0,8.0,42.0,47.0,0.8,,,,,,,
E011,Company A,Sales,Rapid Adaptor,5,87.04,1.0,89.0,16.0,32.0,8.0,42.0,47.0,0.8,,,,,,,
E011,Company A,Sales,Rapid Adaptor,6,90.96,1.0,89.0,16.0,32.0,8.0,42.0,47.0,0.8,,,,,,,
E012,Company A,Finance,Resilient,-6,77.43,7.0,52.0,59.0,4.0,67.0,5.0,95.0,0.9,,,,,,,
E012,Company A,Finance,Resilient,-5,76.48,7.0,52.0,59.0,4.0,67.0,5.0,95.0,0.9,,,,,,,
E012,Company A,Finance,Resilient,-4,75.41,7.0,52.0,59.0,4.0,67.0,5.0,95.0,0.9,,,,,,,
E012,Company A,Finance,Resilient,-3,73.78,7.0,52.0,59.0,4.0,67.0,5.0,95.0,0.9,,,,,,,
E012,Company A,Finance,Resilient,-2,74.63,7.0,52.0,59.0,4.0,67.0,5.0,95.0,0.9,,,,,,,
E012,Company A,Finance,Resilient,-1,75.84,7.0,52.0,59.0,4.0,67.0,5.0,95.0,0.9,,,,,,,
E012,Company A,Finance,Resilient,0,66.61,7.0,52.0,59.0,4.0,67.0,5.0,95.0,0.9,,,,,,,
E012,Company A,Finance,Resilient,1,72.9,7.0,52.0,59.0,4.0,67.0,5.0,95.0,0.9,,,,,,,
E012,Company A,Finance,Resilient,2,76.38,7.0,52.0,59.0,4.0,67.0,5.0,95.0,0.9,,,,,,,
E012,Company A,Finance,Resilient,3,84.09,7.0,52.0,59.0,4.0,67.0,5.0,95.0,0.9,,,,,,,
E012,Company A,Finance,Resilient,4,94.88,7.0,52.0,59.0,4.0,67.0,5.0,95.0,0.9,,,,,,,
E012,Company A,Finance,Resilient,5,96.82,7.0,52.0,59.0,4.0,67.0,5.0,95.0,0.9,,,,,,,
E012,Company A,Finance,Resilient,6,100.0,7.0,52.0,59.0,4.0,67.0,5.0,95.0,0.9,,,,,,,
E013,Company A,HR,Resilient,-6,78.22,0.0,15.0,60.0,63.0,62.0,68.0,21.0,0.9,,,,,,,
E013,Company A,HR,Resilient,-5,77.09,0.0,15.0,60.0,63.0,62.0,68.0,21.0,0.9,,,,,,,
E013,Company A,HR,Resilient,-4,76.13,0.0,15.0,60.0,63.0,62.0,68.0,21.0,0.9,,,,,,,
E013,Company A,HR,Resilient,-3,79.16,0.0,15.0,60.0,63.0,62.0,68.0,21.0,0.9,,,,,,,
E013,Company A,HR,Resilient,-2,78.96,0.0,15.0,60.0,63.0,62.0,68.0,21.0,0.9,,,,,,,
E013,Company A,HR,Resilient,-1,76.8,0.0,15.0,60.0,63.0,62.0,68.0,21.0,0.9,,,,,,,
E013,Company A,HR,Resilient,0,67.31,0.0,15.0,60.0,63.0,62.0,68.0,21.0,0.9,,,,,,,
E013,Company A,HR,Resilient,1,75.15,0.0,15.0,60.0,63.0,62.0,68.0,21.0,0.9,,,,,,,
E013,Company A,HR,Resilient,2,80.76,0.0,15.0,60.0,63.0,62.0,68.0,21.0,0.9,,,,,,,
E013,Company A,HR,Resilient,3,84.98,0.0,15.0,60.0,63.0,62.0,68.0,21.0,0.9,,,,,,,
E013,Company A,HR,Resilient,4,90.98,0.0,15.0,60.0,63.0,62.0,68.0,21.0,0.9,,,,,,,
E013,Company A,HR,Resilient,5,97.83,0.0,15.0,60.0,63.0,62.0,68.0,21.0,0.9,,,,,,,
E013,Company A,HR,Resilient,6,99.29,0.0,15.0,60.0,63.0,62.0,68.0,21.0,0.9,,,,,,,
E014,Company A,HR,Stable Specialist,-6,81.42,83.0,23.0,11.0,49.0,34.0,32.0,32.0,0.6,,,,,,,
E014,Company A,HR,Stable Specialist,-5,82.76,83.0,23.0,11.0,49.0,34.0,32.0,32.0,0.6,,,,,,,
E014,Company A,HR,Stable Specialist,-4,81.38,83.0,23.0,11.0,49.0,34.0,32.0,32.0,0.6,,,,,,,
E014,Company A,HR,Stable Specialist,-3,78.2,83.0,23.0,11.0,49.0,34.0,32.0,32.0,0.6,,,,,,,
E014,Company A,HR,Stable Specialist,-2,81.67,83.0,23.0,11.0,49.0,34.0,32.0,32.0,0.6,,,,,,,
E014,Company A,HR,Stable Specialist,-1,78.72,83.0,23.0,11.0,49.0,34.0,32.0,32.0,0.6,,,,,,,
E014,Company A,HR,Stable Specialist,0,69.93,83.0,23.0,11.0,49.0,34.0,32.0,32.0,0.6,,,,,,,
E014,Company A,HR,Stable Specialist,1,74.24,83.0,23.0,11.0,49.0,34.0,32.0,32.0,0.6,,,,,,,
E014,Company A,HR,Stable Specialist,2,78.61,83.0,23.0,11.0,49.0,34.0,32.0,32.0,0.6,,,,,,,
E014,Company A,HR,Stable Specialist,3,79.49,83.0,23.0,11.0,49.0,34.0,32.0,32.0,0.6,,,,,,,
E014,Company A,HR,Stable Specialist,4,88.56,83.0,23.0,11.0,49.0,34.0,32.0,32.0,0.6,,,,,,,
E014,Company A,HR,Stable Specialist,5,87.77,83.0,23.0,11.0,49.0,34.0,32.0,32.0,0.6,,,,,,,
E014,Company A,HR,Stable Specialist,6,96.97,83.0,23.0,11.0,49.0,34.0,32.0,32.0,0.6,,,,,,,
E015,Company A,HR,Vulnerable,-6,71.9,74.0,28.0,35.0,88.0,20.0,35.0,9.0,0.25,,,,,,,
E015,Company A,HR,Vulnerable,-5,78.87,74.0,28.0,35.0,88.0,20.0,35.0,9.0,0.25,,,,,,,
E015,Company A,HR,Vulnerable,-4,76.7,74.0,28.0,35.0,88.0,20.0,35.0,9.0,0.25,,,,,,,
E015,Company A,HR,Vulnerable,-3,74.91,74.0,28.0,35.0,88.0,20.0,35.0,9.0,0.25,,,,,,,
E015,Company A,HR,Vulnerable,-2,74.55,74.0,28.0,35.0,88.0,20.0,35.0,9.0,0.25,,,,,,,
E015,Company A,HR,Vulnerable,-1,77.73,74.0,28.0,35.0,88.0,20.0,35.0,9.0,0.25,,,,,,,
E015,Company A,HR,Vulnerable,0,60.53,74.0,28.0,35.0,88.0,20.0,35.0,9.0,0.25,,,,,,,
E015,Company A,HR,Vulnerable,1,59.4,74.0,28.0,35.0,88.0,20.0,35.0,9.0,0.25,,,,,,,
E015,Company A,HR,Vulnerable,2,65.58,74.0,28.0,35.0,88.0,20.0,35.0,9.0,0.25,,,,,,,
E015,Company A,HR,Vulnerable,3,69.53,74.0,28.0,35.0,88.0,20.0,35.0,9.0,0.25,,,,,,,
E015,Company A,HR,Vulnerable,4,71.35,74.0,28.0,35.0,88.0,20.0,35.0,9.0,0.25,,,,,,,
E015,Company A,HR,Vulnerable,5,70.77,74.0,28.0,35.0,88.0,20.0,35.0,9.0,0.25,,,,,,,
E015,Company A,HR,Vulnerable,6,71.73,74.0,28.0,35.0,88.0,20.0,35.0,9.0,0.25,,,,,,,
E016,Company A,Finance,Declining,-6,88.88,12.0,58.0,18.0,48.0,99.0,11.0,60.0,0.1,,,,,,,
E016,Company A,Finance,Declining,-5,89.33,12.0,58.0,18.0,48.0,99.0,11.0,60.0,0.1,,,,,,,
E016,Company A,Finance,Declining,-4,90.33,12.0,58.0,18.0,48.0,99.0,11.0,60.0,0.1,,,,,,,
E016,Company A,Finance,Declining,-3,87.5,12.0,58.0,18.0,48.0,99.0,11.0,60.0,0.1,,,,,,,
E016,Company A,Finance,Declining,-2,93.32,12.0,58.0,18.0,48.0,99.0,11.0,60.0,0.1,,,,,,,
E016,Company A,Finance,Declining,-1,87.13,12.0,58.0,18.0,48.0,99.0,11.0,60.0,0.1,,,,,,,
E016,Company A,Finance,Declining,0,67.03,12.0,58.0,18.0,48.0,99.0,11.0,60.0,0.1,,,,,,,
E016,Company A,Finance,Declining,1,72.01,12.0,58.0,18.0,48.0,99.0,11.0,60.0,0.1,,,,,,,
E016,Company A,Finance,Declining,2,71.52,12.0,58.0,18.0,48.0,99.0,11.0,60.0,0.1,,,,,,,
E016,Company A,Finance,Declining,3,71.42,12.0,58.0,18.0,48.0,99.0,11.0,60.0,0.1,,,,,,,
E016,Company A,Finance,Declining,4,71.66,12.0,58.0,18.0,48.0,99.0,11.0,60.0,0.1,,,,,,,
E016,Company A,Finance,Declining,5,70.62,12.0,58.0,18.0,48.0,99.0,11.0,60.0,0.1,,,,,,,
E016,Company A,Finance,Declining,6,69.09,12.0,58.0,18.0,48.0,99.0,11.0,60.0,0.1,,,,,,,
E017,Company A,Sales,Vulnerable,-6,65.78,74.0,17.0,75.0,8.0,73.0,57.0,16.0,0.25,,,,,,,
E017,Company A,Sales,Vulnerable,-5,66.49,74.0,17.0,75.0,8.0,73.0,57.0,16.0,0.25,,,,,,,
E017,Company A,Sales,Vulnerable,-4,67.11,74.0,17.0,75.0,8.0,73.0,57.0,16.0,0.25,,,,,,,
E017,Company A,Sales,Vulnerable,-3,67.68,74.0,17.0,75.0,8.0,73.0,57.0,16.0,0.25,,,,,,,
E017,Company A,Sales,Vulnerable,-2,64.42,74.0,17.0,75.0,8.0,73.0,57.0,16.0,0.25,,,,,,,
E017,Company A,Sales,Vulnerable,-1,64.04,74.0,17.0,75.0,8.0,73.0,57.0,16.0,0.25,,,,,,,
E017,Company A,Sales,Vulnerable,0,44.81,74.0,17.0,75.0,8.0,73.0,57.0,16.0,0.25,,,,,,,
E017,Company A,Sales,Vulnerable,1,39.45,74.0,17.0,75.0,8.0,73.0,57.0,16.0,0.25,,,,,,,
E017,Company A,Sales,Vulnerable,2,48.1,74.0,17.0,75.0,8.0,73.0,57.0,16.0,0.25,,,,,,,
E017,Company A,Sales,Vulnerable,3,45.79,74.0,17.0,75.0,8.0,73.0,57.0,16.0,0.25,,,,,,,
E017,Company A,Sales,Vulnerable,4,47.82,74.0,17.0,75.0,8.0,73.0,57.0,16.0,0.25,,,,,,,
E017,Company A,Sales,Vulnerable,5,47.9,74.0,17.0,75.0,8.0,73.0,57.0,16.0,0.25,,,,,,,
E017,Company A,Sales,Vulnerable,6,50.6,74.0,17.0,75.0,8.0,73.0,57.0,16.0,0.25,,,,,,,
E018,Company A,IT,Resilient,-6,86.82,2.0,76.0,91.0,61.0,62.0,24.0,55.0,0.9,,,,,,,
E018,Company A,IT,Resilient,-5,80.74,2.0,76.0,91.0,61.0,62.0,24.0,55.0,0.9,,,,,,,
E018,Company A,IT,Resilient,-4,85.73,2.0,76.0,91.0,61.0,62.0,24.0,55.0,0.9,,,,,,,
E018,Company A,IT,Resilient,-3,84.2,2.0,76.0,91.0,61.0,62.0,24.0,55.0,0.9,,,,,,,
E018,Company A,IT,Resilient,-2,85.1,2.0,76.0,91.0,61.0,62.0,24.0,55.0,0.9,,,,,,,
E018,Company A,IT,Resilient,-1,83.59,2.0,76.0,91.0,61.0,62.0,24.0,55.0,0.9,,,,,,,
E018,Company A,IT,Resilient,0,72.96,2.0,76.0,91.0,61.0,62.0,24.0,55.0,0.9,,,,,,,
E018,Company A,IT,Resilient,1,75.23,2.0,76.0,91.0,61.0,62.0,24.0,55.0,0.9,,,,,,,
E018,Company A,IT,Resilient,2,78.71,2.0,76.0,91.0,61.0,62.0,24.0,55.0,0.9,,,,,,,
E018,Company A,IT,Resilient,3,81.68,2.0,76.0,91.0,61.0,62.0,24.0,55.0,0.9,,,,,,,
E018,Company A,IT,Resilient,4,90.17,2.0,76.0,91.0,61.0,62.0,24.0,55.0,0.9,,,,,,,
E018,Company A,IT,Resilient,5,91.5,2.0,76.0,91.0,61.0,62.0,24.0,55.0,0.9,,,,,,,
E018,Company A,IT,Resilient,6,94.84,2.0,76.0,91.0,61.0,62.0,24.0,55.0,0.9,,,,,,,
E019,Company A,HR,Rapid Adaptor,-6,92.65,91.0,35.0,89.0,7.0,57.0,59.0,49.0,0.8,,,,,,,
E019,Company A,HR,Rapid Adaptor,-5,94.68,91.0,35.0,89.0,7.0,57.0,59.0,49.0,0.8,,,,,,,
E019,Company A,HR,Rapid Adaptor,-4,92.01,91.0,35.0,89.0,7.0,57.0,59.0,49.0,0.8,,,,,,,
E019,Company A,HR,Rapid Adaptor,-3,98.78,91.0,35.0,89.0,7.0,57.0,59.0,49.0,0.8,,,,,,,
E019,Company A,HR,Rapid Adaptor,-2,92.34,91.0,35.0,89.0,7.0,57.0,59.0,49.0,0.8,,,,,,,
E019,Company A,HR,Rapid Adaptor,-1,94.04,91.0,35.0,89.0,7.0,57.0,59.0,49.0,0.8,,,,,,,
E019,Company A,HR,Rapid Adaptor,0,84.36,91.0,35.0,89.0,7.0,57.0,59.0,49.0,0.8,,,,,,,
E019,Company A,HR,Rapid Adaptor,1,92.34,91.0,35.0,89.0,7.0,57.0,59.0,49.0,0.8,,,,,,,
E019,Company A,HR,Rapid Adaptor,2,89.3,91.0,35.0,89.0,7.0,57.0,59.0,49.0,0.8,,,,,,,
E019,Company A,HR,Rapid Adaptor,3,96.85,91.0,35.0,89.0,7.0,57.0,59.0,49.0,0.8,,,,,,,
E019,Company A,HR,Rapid Adaptor,4,100.0,91.0,35.0,89.0,7.0,57.0,59.0,49.0,0.8,,,,,,,
E019,Company A,HR,Rapid Adaptor,5,100.0,91.0,35.0,89.0,7.0,57.0,59.0,49.0,0.8,,,,,,,
E019,Company A,HR,Rapid Adaptor,6,100.0,91.0,35.0,89.0,7.0,57.0,59.0,49.0,0.8,,,,,,,
E020,Company A,Sales,Resilient,-6,85.89,85.0,58.0,26.0,48.0,76.0,32.0,97.0,0.9,,,,,,,
E020,Company A,Sales,Resilient,-5,82.71,85.0,58.0,26.0,48.0,76.0,32.0,97.0,0.9,,,,,,,
E020,Company A,Sales,Resilient,-4,82.45,85.0,58.0,26.0,48.0,76.0,32.0,97.0,0.9,,,,,,,
E020,Company A,Sales,Resilient,-3,85.26,85.0,58.0,26.0,48.0,76.0,32.0,97.0,0.9,,,,,,,
E020,Company A,Sales,Resilient,-2,83.27,85.0,58.0,26.0,48.0,76.0,32.0,97.0,0.9,,,,,,,
E020,Company A,Sales,Resilient,-1,80.78,85.0,58.0,26.0,48.0,76.0,32.0,97.0,0.9,,,,,,,
E020,Company A,Sales,Resilient,0,75.49,85.0,58.0,26.0,48.0,76.0,32.0,97.0,0.9,,,,,,,
E020,Company A,Sales,Resilient,1,75.93,85.0,58.0,26.0,48.0,76.0,32.0,97.0,0.9,,,,,,,
E020,Company A,Sales,Resilient,2,80.74,85.0,58.0,26.0,48.0,76.0,32.0,97.0,0.9,,,,,,,
E020,Company A,Sales,Resilient,3,84.97,85.0,58.0,26.0,48.0,76.0,32.0,97.0,0.9,,,,,,,
E020,Company A,Sales,Resilient,4,89.42,85.0,58.0,26.0,48.0,76.0,32.0,97.0,0.9,,,,,,,
E020,Company A,Sales,Resilient,5,96.59,85.0,58.0,26.0,48.0,76.0,32.0,97.0,0.9,,,,,,,
E020,Company A,Sales,Resilient,6,100.0,85.0,58.0,26.0,48.0,76.0,32.0,97.0,0.9,,,,,,,
E021,Company A,HR,Rapid Adaptor,-6,76.89,33.0,53.0,2.0,49.0,11.0,64.0,53.0,0.8,,,,,,,
E021,Company A,HR,Rapid Adaptor,-5,68.99,33.0,53.0,2.0,49.0,11.0,64.0,53.0,0.8,,,,,,,
E021,Company A,HR,Rapid Adaptor,-4,72.89,33.0,53.0,2.0,49.0,11.0,64.0,53.0,0.8,,,,,,,
E021,Company A,HR,Rapid Adaptor,-3,75.39,33.0,53.0,2.0,49.0,11.0,64.0,53.0,0.8,,,,,,,
E021,Company A,HR,Rapid Adaptor,-2,76.63,33.0,53.0,2.0,49.0,11.0,64.0,53.0,0.8,,,,,,,
E021,Company A,HR,Rapid Adaptor,-1,74.61,33.0,53.0,2.0,49.0,11.0,64.0,53.0,0.8,,,,,,,
E021,Company A,HR,Rapid Adaptor,0,67.86,33.0,53.0,2.0,49.0,11.0,64.0,53.0,0.8,,,,,,,
E021,Company A,HR,Rapid Adaptor,1,75.7,33.0,53.0,2.0,49.0,11.0,64.0,53.0,0.8,,,,,,,
E021,Company A,HR,Rapid Adaptor,2,79.75,33.0,53.0,2.0,49.0,11.0,64.0,53.0,0.8,,,,,,,
E021,Company A,HR,Rapid Adaptor,3,80.18,33.0,53.0,2.0,49.0,11.0,64.0,53.0,0.8,,,,,,,
E021,Company A,HR,Rapid Adaptor,4,86.87,33.0,53.0,2.0,49.0,11.0,64.0,53.0,0.8,,,,,,,
E021,Company A,HR,Rapid Adaptor,5,92.07,33.0,53.0,2.0,49.0,11.0,64.0,53.0,0.8,,,,,,,
E021,Company A,HR,Rapid Adaptor,6,99.51,33.0,53.0,2.0,49.0,11.0,64.0,53.0,0.8,,,,,,,
E022,Company A,Finance,Rapid Adaptor,-6,77.77,50.0,80.0,4.0,28.0,3.0,9.0,55.0,0.8,,,,,,,
E022,Company A,Finance,Rapid Adaptor,-5,73.55,50.0,80.0,4.0,28.0,3.0,9.0,55.0,0.8,,,,,,,
E022,Company A,Finance,Rapid Adaptor,-4,79.0,50.0,80.0,4.0,28.0,3.0,9.0,55.0,0.8,,,,,,,
E022,Company A,Finance,Rapid Adaptor,-3,77.34,50.0,80.0,4.0,28.0,3.0,9.0,55.0,0.8,,,,,,,
E022,Company A,Finance,Rapid Adaptor,-2,73.85,50.0,80.0,4.0,28.0,3.0,9.0,55.0,0.8,,,,,,,
E022,Company A,Finance,Rapid Adaptor,-1,77.56,50.0,80.0,4.0,28.0,3.0,9.0,55.0,0.8,,,,,,,
E022,Company A,Finance,Rapid Adaptor,0,62.65,50.0,80.0,4.0,28.0,3.0,9.0,55.0,0.8,,,,,,,
E022,Company A,Finance,Rapid Adaptor,1,76.33,50.0,80.0,4.0,28.0,3.0,9.0,55.0,0.8,,,,,,,
E022,Company A,Finance,Rapid Adaptor,2,74.3,50.0,80.0,4.0,28.0,3.0,9.0,55.0,0.8,,,,,,,
E022,Company A,Finance,Rapid Adaptor,3,84.6,50.0,80.0,4.0,28.0,3.0,9.0,55.0,0.8,,,,,,,
E022,Company A,Finance,Rapid Adaptor,4,84.62,50.0,80.0,4.0,28.0,3.0,9.0,55.0,0.8,,,,,,,
E022,Company A,Finance,Rapid Adaptor,5,92.23,50.0,80.0,4.0,28.0,3.0,9.0,55.0,0.8,,,,,,,
E022,Company A,Finance,Rapid Adaptor,6,94.15,50.0,80.0,4.0,28.0,3.0,9.0,55.0,0.8,,,,,,,
E023,Company A,Finance,Vulnerable,-6,76.96,31.0,49.0,60.0,50.0,18.0,20.0,4.0,0.25,,,,,,,
E023,Company A,Finance,Vulnerable,-5,79.66,31.0,49.0,60.0,50.0,18.0,20.0,4.0,0.25,,,,,,,
E023,Company A,Finance,Vulnerable,-4,78.58,31.0,49.0,60.0,50.0,18.0,20.0,4.0,0.25,,,,,,,
E023,Company A,Finance,Vulnerable,-3,75.27,31.0,49.0,60.0,50.0,18.0,20.0,4.0,0.25,,,,,,,
E023,Company A,Finance,Vulnerable,-2,80.59,31.0,49.0,60.0,50.0,18.0,20.0,4.0,0.25,,,,,,,
E023,Company A,Finance,Vulnerable,-1,77.12,31.0,49.0,60.0,50.0,18.0,20.0,4.0,0.25,,,,,,,
E023,Company A,Finance,Vulnerable,0,60.18,31.0,49.0,60.0,50.0,18.0,20.0,4.0,0.25,,,,,,,
E023,Company A,Finance,Vulnerable,1,63.83,31.0,49.0,60.0,50.0,18.0,20.0,4.0,0.25,,,,,,,
E023,Company A,Finance,Vulnerable,2,63.52,31.0,49.0,60.0,50.0,18.0,20.0,4.0,0.25,,,,,,,
E023,Company A,Finance,Vulnerable,3,66.98,31.0,49.0,60.0,50.0,18.0,20.0,4.0,0.25,,,,,,,
E023,Company A,Finance,Vulnerable,4,72.09,31.0,49.0,60.0,50.0,18.0,20.0,4.0,0.25,,,,,,,
E023,Company A,Finance,Vulnerable,5,68.79,31.0,49.0,60.0,50.0,18.0,20.0,4.0,0.25,,,,,,,
E023,Company A,Finance,Vulnerable,6,68.84,31.0,49.0,60.0,50.0,18.0,20.0,4.0,0.25,,,,,,,
E024,Company A,Finance,Resilient,-6,88.69,98.0,51.0,78.0,46.0,55.0,85.0,13.0,0.9,,,,,,,
E024,Company A,Finance,Resilient,-5,89.25,98.0,51.0,78.0,46.0,55.0,85.0,13.0,0.9,,,,,,,
E024,Company A,Finance,Resilient,-4,85.46,98.0,51.0,78.0,46.0,55.0,85.0,13.0,0.9,,,,,,,
E024,Company A,Finance,Resilient,-3,87.11,98.0,51.0,78.0,46.0,55.0,85.0,13.0,0.9,,,,,,,
E024,Company A,Finance,Resilient,-2,86.58,98.0,51.0,78.0,46.0,55.0,85.0,13.0,0.9,,,,,,,
E024,Company A,Finance,Resilient,-1,92.12,98.0,51.0,78.0,46.0,55.0,85.0,13.0,0.9,,,,,,,
E024,Company A,Finance,Resilient,0,77.3,98.0,51.0,78.0,46.0,55.0,85.0,13.0,0.9,,,,,,,
E024,Company A,Finance,Resilient,1,78.68,98.0,51.0,78.0,46.0,55.0,85.0,13.0,0.9,,,,,,,
E024,Company A,Finance,Resilient,2,80.9,98.0,51.0,78.0,46.0,55.0,85.0,13.0,0.9,,,,,,,
E024,Company A,Finance,Resilient,3,83.47,98.0,51.0,78.0,46.0,55.0,85.0,13.0,0.9,,,,,,,
E024,Company A,Finance,Resilient,4,90.96,98.0,51.0,78.0,46.0,55.0,85.0,13.0,0.9,,,,,,,
E024,Company A,Finance,Resilient,5,92.91,98.0,51.0,78.0,46.0,55.0,85.0,13.0,0.9,,,,,,,
E024,Company A,Finance,Resilient,6,95.45,98.0,51.0,78.0,46.0,55.0,85.0,13.0,0.9,,,,,,,
E025,Company A,HR,Declining,-6,89.63,89.0,43.0,24.0,16.0,12.0,83.0,24.0,0.1,,,,,,,
E025,Company A,HR,Declining,-5,86.58,89.0,43.0,24.0,16.0,12.0,83.0,24.0,0.1,,,,,,,
E025,Company A,HR,Declining,-4,88.32,89.0,43.0,24.0,16.0,12.0,83.0,24.0,0.1,,,,,,,
E025,Company A,HR,Declining,-3,93.08,89.0,43.0,24.0,16.0,12.0,83.0,24.0,0.1,,,,,,,
E025,Company A,HR,Declining,-2,90.36,89.0,43.0,24.0,16.0,12.0,83.0,24.0,0.1,,,,,,,
E025,Company A,HR,Declining,-1,87.45,89.0,43.0,24.0,16.0,12.0,83.0,24.0,0.1,,,,,,,
E025,Company A,HR,Declining,0,71.85,89.0,43.0,24.0,16.0,12.0,83.0,24.0,0.1,,,,,,,
E025,Company A,HR,Declining,1,68.49,89.0,43.0,24.0,16.0,12.0,83.0,24.0,0.1,,,,,,,
E025,Company A,HR,Declining,2,68.51,89.0,43.0,24.0,16.0,12.0,83.0,24.0,0.1,,,,,,,
E025,Company A,HR,Declining,3,73.23,89.0,43.0,24.0,16.0,12.0,83.0,24.0,0.1,,,,,,,
E025,Company A,HR,Declining,4,68.4,89.0,43.0,24.0,16.0,12.0,83.0,24.0,0.1,,,,,,,
E025,Company A,HR,Declining,5,67.77,89.0,43.0,24.0,16.0,12.0,83.0,24.0,0.1,,,,,,,
E025,Company A,HR,Declining,6,74.07,89.0,43.0,24.0,16.0,12.0,83.0,24.0,0.1,,,,,,,
E026,Company A,Operations,Vulnerable,-6,85.29,21.0,20.0,69.0,69.0,3.0,93.0,74.0,0.25,,,,,,,
E026,Company A,Operations,Vulnerable,-5,83.46,21.0,20.0,69.0,69.0,3.0,93.0,74.0,0.25,,,,,,,
E026,Company A,Operations,Vulnerable,-4,84.38,21.0,20.0,69.0,69.0,3.0,93.0,74.0,0.25,,,,,,,
E026,Company A,Operations,Vulnerable,-3,85.11,21.0,20.0,69.0,69.0,3.0,93.0,74.0,0.25,,,,,,,
E026,Company A,Operations,Vulnerable,-2,84.61,21.0,20.0,69.0,69.0,3.0,93.0,74.0,0.25,,,,,,,
E026,Company A,Operations,Vulnerable,-1,84.05,21.0,20.0,69.0,69.0,3.0,93.0,74.0,0.25,,,,,,,
E026,Company A,Operations,Vulnerable,0,68.42,21.0,20.0,69.0,69.0,3.0,93.0,74.0,0.25,,,,,,,
E026,Company A,Operations,Vulnerable,1,68.91,21.0,20.0,69.0,69.0,3.0,93.0,74.0,0.25,,,,,,,
E026,Company A,Operations,Vulnerable,2,67.83,21.0,20.0,69.0,69.0,3.0,93.0,74.0,0.25,,,,,,,
E026,Company A,Operations,Vulnerable,3,67.75,21.0,20.0,69.0,69.0,3.0,93.0,74.0,0.25,,,,,,,
E026,Company A,Operations,Vulnerable,4,72.42,21.0,20.0,69.0,69.0,3.0,93.0,74.0,0.25,,,,,,,
E026,Company A,Operations,Vulnerable,5,73.15,21.0,20.0,69.0,69.0,3.0,93.0,74.0,0.25,,,,,,,
E026,Company A,Operations,Vulnerable,6,77.71,21.0,20.0,69.0,69.0,3.0,93.0,74.0,0.25,,,,,,,
E027,Company A,Finance,Vulnerable,-6,65.44,10.0,99.0,76.0,2.0,32.0,5.0,49.0,0.25,,,,,,,
E027,Company A,Finance,Vulnerable,-5,66.53,10.0,99.0,76.0,2.0,32.0,5.0,49.0,0.25,,,,,,,
E027,Company A,Finance,Vulnerable,-4,69.79,10.0,99.0,76.0,2.0,32.0,5.0,49.0,0.25,,,,,,,
E027,Company A,Finance,Vulnerable,-3,68.16,10.0,99.0,76.0,2.0,32.0,5.0,49.0,0.25,,,,,,,
E027,Company A,Finance,Vulnerable,-2,69.85,10.0,99.0,76.0,2.0,32.0,5.0,49.0,0.25,,,,,,,
E027,Company A,Finance,Vulnerable,-1,69.19,10.0,99.0,76.0,2.0,32.0,5.0,49.0,0.25,,,,,,,
E027,Company A,Finance,Vulnerable,0,48.94,10.0,99.0,76.0,2.0,32.0,5.0,49.0,0.25,,,,,,,
E027,Company A,Finance,Vulnerable,1,56.17,10.0,99.0,76.0,2.0,32.0,5.0,49.0,0.25,,,,,,,
E027,Company A,Finance,Vulnerable,2,57.12,10.0,99.0,76.0,2.0,32.0,5.0,49.0,0.25,,,,,,,
E027,Company A,Finance,Vulnerable,3,57.67,10.0,99.0,76.0,2.0,32.0,5.0,49.0,0.25,,,,,,,
E027,Company A,Finance,Vulnerable,4,64.4,10.0,99.0,76.0,2.0,32.0,5.0,49.0,0.25,,,,,,,
E027,Company A,Finance,Vulnerable,5,62.98,10.0,99.0,76.0,2.0,32.0,5.0,49.0,0.25,,,,,,,
E027,Company A,Finance,Vulnerable,6,64.11,10.0,99.0,76.0,2.0,32.0,5.0,49.0,0.25,,,,,,,
E028,Company A,Finance,Vulnerable,-6,82.57,71.0,10.0,100.0,13.0,59.0,29.0,34.0,0.25,,,,,,,
E028,Company A,Finance,Vulnerable,-5,84.0,71.0,10.0,100.0,13.0,59.0,29.0,34.0,0.25,,,,,,,
E028,Company A,Finance,Vulnerable,-4,87.57,71.0,10.0,100.0,13.0,59.0,29.0,34.0,0.25,,,,,,,
E028,Company A,Finance,Vulnerable,-3,85.16,71.0,10.0,100.0,13.0,59.0,29.0,34.0,0.25,,,,,,,
E028,Company A,Finance,Vulnerable,-2,82.76,71.0,10.0,100.0,13.0,59.0,29.0,34.0,0.25,,,,,,,
E028,Company A,Finance,Vulnerable,-1,85.82,71.0,10.0,100.0,13.0,59.0,29.0,34.0,0.25,,,,,,,
E028,Company A,Finance,Vulnerable,0,60.07,71.0,10.0,100.0,13.0,59.0,29.0,34.0,0.25,,,,,,,
E028,Company A,Finance,Vulnerable,1,58.59,71.0,10.0,100.0,13.0,59.0,29.0,34.0,0.25,,,,,,,
E028,Company A,Finance,Vulnerable,2,62.43,71.0,10.0,100.0,13.0,59.0,29.0,34.0,0.25,,,,,,,
E028,Company A,Finance,Vulnerable,3,62.48,71.0,10.0,100.0,13.0,59.0,29.0,34.0,0.25,,,,,,,
E028,Company A,Finance,Vulnerable,4,67.3,71.0,10.0,100.0,13.0,59.0,29.0,34.0,0.25,,,,,,,
E028,Company A,Finance,Vulnerable,5,69.82,71.0,10.0,100.0,13.0,59.0,29.0,34.0,0.25,,,,,,,
E028,Company A,Finance,Vulnerable,6,74.91,71.0,10.0,100.0,13.0,59.0,29.0,34.0,0.25,,,,,,,
E029,Company A,Finance,Rapid Adaptor,-6,69.76,77.0,52.0,50.0,38.0,50.0,69.0,5.0,0.8,,,,,,,
E029,Company A,Finance,Rapid Adaptor,-5,69.76,77.0,52.0,50.0,38.0,50.0,69.0,5.0,0.8,,,,,,,
E029,Company A,Finance,Rapid Adaptor,-4,72.55,77.0,52.0,50.0,38.0,50.0,69.0,5.0,0.8,,,,,,,
E029,Company A,Finance,Rapid Adaptor,-3,71.5,77.0,52.0,50.0,38.0,50.0,69.0,5.0,0.8,,,,,,,
E029,Company A,Finance,Rapid Adaptor,-2,73.64,77.0,52.0,50.0,38.0,50.0,69.0,5.0,0.8,,,,,,,
E029,Company A,Finance,Rapid Adaptor,-1,72.49,77.0,52.0,50.0,38.0,50.0,69.0,5.0,0.8,,,,,,,
E029,Company A,Finance,Rapid Adaptor,0,68.92,77.0,52.0,50.0,38.0,50.0,69.0,5.0,0.8,,,,,,,
E029,Company A,Finance,Rapid Adaptor,1,72.46,77.0,52.0,50.0,38.0,50.0,69.0,5.0,0.8,,,,,,,
E029,Company A,Finance,Rapid Adaptor,2,76.73,77.0,52.0,50.0,38.0,50.0,69.0,5.0,0.8,,,,,,,
E029,Company A,Finance,Rapid Adaptor,3,79.35,77.0,52.0,50.0,38.0,50.0,69.0,5.0,0.8,,,,,,,
E029,Company A,Finance,Rapid Adaptor,4,83.97,77.0,52.0,50.0,38.0,50.0,69.0,5.0,0.8,,,,,,,
E029,Company A,Finance,Rapid Adaptor,5,89.49,77.0,52.0,50.0,38.0,50.0,69.0,5.0,0.8,,,,,,,
E029,Company A,Finance,Rapid Adaptor,6,98.04,77.0,52.0,50.0,38.0,50.0,69.0,5.0,0.8,,,,,,,
E030,Company A,HR,Delayed Adaptor,-6,86.49,87.0,51.0,55.0,14.0,28.0,7.0,4.0,0.5,,,,,,,
E030,Company A,HR,Delayed Adaptor,-5,89.92,87.0,51.0,55.0,14.0,28.0,7.0,4.0,0.5,,,,,,,
E030,Company A,HR,Delayed Adaptor,-4,91.26,87.0,51.0,55.0,14.0,28.0,7.0,4.0,0.5,,,,,,,
E030,Company A,HR,Delayed Adaptor,-3,88.7,87.0,51.0,55.0,14.0,28.0,7.0,4.0,0.5,,,,,,,
E030,Company A,HR,Delayed Adaptor,-2,90.4,87.0,51.0,55.0,14.0,28.0,7.0,4.0,0.5,,,,,,,
E030,Company A,HR,Delayed Adaptor,-1,84.91,87.0,51.0,55.0,14.0,28.0,7.0,4.0,0.5,,,,,,,
E030,Company A,HR,Delayed Adaptor,0,76.39,87.0,51.0,55.0,14.0,28.0,7.0,4.0,0.5,,,,,,,
E030,Company A,HR,Delayed Adaptor,1,76.48,87.0,51.0,55.0,14.0,28.0,7.0,4.0,0.5,,,,,,,
E030,Company A,HR,Delayed Adaptor,2,80.72,87.0,51.0,55.0,14.0,28.0,7.0,4.0,0.5,,,,,,,
E030,Company A,HR,Delayed Adaptor,3,85.55,87.0,51.0,55.0,14.0,28.0,7.0,4.0,0.5,,,,,,,
E030,Company A,HR,Delayed Adaptor,4,86.54,87.0,51.0,55.0,14.0,28.0,7.0,4.0,0.5,,,,,,,
E030,Company A,HR,Delayed Adaptor,5,89.95,87.0,51.0,55.0,14.0,28.0,7.0,4.0,0.5,,,,,,,
E030,Company A,HR,Delayed Adaptor,6,88.43,87.0,51.0,55.0,14.0,28.0,7.0,4.0,0.5,,,,,,,
E031,Company A,Marketing,Delayed Adaptor,-6,80.97,4.0,36.0,71.0,91.0,30.0,8.0,50.0,0.5,,,,,,,
E031,Company A,Marketing,Delayed Adaptor,-5,80.59,4.0,36.0,71.0,91.0,30.0,8.0,50.0,0.5,,,,,,,
E031,Company A,Marketing,Delayed Adaptor,-4,82.33,4.0,36.0,71.0,91.0,30.0,8.0,50.0,0.5,,,,,,,
E031,Company A,Marketing,Delayed Adaptor,-3,85.84,4.0,36.0,71.0,91.0,30.0,8.0,50.0,0.5,,,,,,,
E031,Company A,Marketing,Delayed Adaptor,-2,81.81,4.0,36.0,71.0,91.0,30.0,8.0,50.0,0.5,,,,,,,
E031,Company A,Marketing,Delayed Adaptor,-1,79.59,4.0,36.0,71.0,91.0,30.0,8.0,50.0,0.5,,,,,,,
E031,Company A,Marketing,Delayed Adaptor,0,65.39,4.0,36.0,71.0,91.0,30.0,8.0,50.0,0.5,,,,,,,
E031,Company A,Marketing,Delayed Adaptor,1,70.84,4.0,36.0,71.0,91.0,30.0,8.0,50.0,0.5,,,,,,,
E031,Company A,Marketing,Delayed Adaptor,2,70.57,4.0,36.0,71.0,91.0,30.0,8.0,50.0,0.5,,,,,,,
E031,Company A,Marketing,Delayed Adaptor,3,76.48,4.0,36.0,71.0,91.0,30.0,8.0,50.0,0.5,,,,,,,
E031,Company A,Marketing,Delayed Adaptor,4,73.17,4.0,36.0,71.0,91.0,30.0,8.0,50.0,0.5,,,,,,,
E031,Company A,Marketing,Delayed Adaptor,5,80.39,4.0,36.0,71.0,91.0,30.0,8.0,50.0,0.5,,,,,,,
E031,Company A,Marketing,Delayed Adaptor,6,85.14,4.0,36.0,71.0,91.0,30.0,8.0,50.0,0.5,,,,,,,
E032,Company A,HR,Stable Specialist,-6,85.57,58.0,50.0,53.0,23.0,24.0,70.0,51.0,0.6,,,,,,,
E032,Company A,HR,Stable Specialist,-5,88.04,58.0,50.0,53.0,23.0,24.0,70.0,51.0,0.6,,,,,,,
E032,Company A,HR,Stable Specialist,-4,82.19,58.0,50.0,53.0,23.0,24.0,70.0,51.0,0.6,,,,,,,
E032,Company A,HR,Stable Specialist,-3,83.85,58.0,50.0,53.0,23.0,24.0,70.0,51.0,0.6,,,,,,,
E032,Company A,HR,Stable Specialist,-2,86.92,58.0,50.0,53.0,23.0,24.0,70.0,51.0,0.6,,,,,,,
E032,Company A,HR,Stable Specialist,-1,84.29,58.0,50.0,53.0,23.0,24.0,70.0,51.0,0.6,,,,,,,
E032,Company A,HR,Stable Specialist,0,72.57,58.0,50.0,53.0,23.0,24.0,70.0,51.0,0.6,,,,,,,
E032,Company A,HR,Stable Specialist,1,76.55,58.0,50.0,53.0,23.0,24.0,70.0,51.0,0.6,,,,,,,
E032,Company A,HR,Stable Specialist,2,80.51,58.0,50.0,53.0,23.0,24.0,70.0,51.0,0.6,,,,,,,
E032,Company A,HR,Stable Specialist,3,82.48,58.0,50.0,53.0,23.0,24.0,70.0,51.0,0.6,,,,,,,
E032,Company A,HR,Stable Specialist,4,87.78,58.0,50.0,53.0,23.0,24.0,70.0,51.0,0.6,,,,,,,
E032,Company A,HR,Stable Specialist,5,89.57,58.0,50.0,53.0,23.0,24.0,70.0,51.0,0.6,,,,,,,
E032,Company A,HR,Stable Specialist,6,96.13,58.0,50.0,53.0,23.0,24.0,70.0,51.0,0.6,,,,,,,
E033,Company A,Marketing,Resilient,-6,74.86,44.0,92.0,29.0,15.0,39.0,18.0,17.0,0.9,,,,,,,
E033,Company A,Marketing,Resilient,-5,81.72,44.0,92.0,29.0,15.0,39.0,18.0,17.0,0.9,,,,,,,
E033,Company A,Marketing,Resilient,-4,80.76,44.0,92.0,29.0,15.0,39.0,18.0,17.0,0.9,,,,,,,
E033,Company A,Marketing,Resilient,-3,75.74,44.0,92.0,29.0,15.0,39.0,18.0,17.0,0.9,,,,,,,
E033,Company A,Marketing,Resilient,-2,69.73,44.0,92.0,29.0,15.0,39.0,18.0,17.0,0.9,,,,,,,
E033,Company A,Marketing,Resilient,-1,76.15,44.0,92.0,29.0,15.0,39.0,18.0,17.0,0.9,,,,,,,
E033,Company A,Marketing,Resilient,0,74.34,44.0,92.0,29.0,15.0,39.0,18.0,17.0,0.9,,,,,,,
E033,Company A,Marketing,Resilient,1,78.24,44.0,92.0,29.0,15.0,39.0,18.0,17.0,0.9,,,,,,,
E033,Company A,Marketing,Resilient,2,84.44,44.0,92.0,29.0,15.0,39.0,18.0,17.0,0.9,,,,,,,
E033,Company A,Marketing,Resilient,3,88.73,44.0,92.0,29.0,15.0,39.0,18.0,17.0,0.9,,,,,,,
E033,Company A,Marketing,Resilient,4,97.74,44.0,92.0,29.0,15.0,39.0,18.0,17.0,0.9,,,,,,,
E033,Company A,Marketing,Resilient,5,100.0,44.0,92.0,29.0,15.0,39.0,18.0,17.0,0.9,,,,,,,
E033,Company A,Marketing,Resilient,6,100.0,44.0,92.0,29.0,15.0,39.0,18.0,17.0,0.9,,,,,,,
E034,Company A,Finance,Resilient,-6,82.79,56.0,66.0,87.0,86.0,58.0,71.0,53.0,0.9,,,,,,,
E034,Company A,Finance,Resilient,-5,86.84,56.0,66.0,87.0,86.0,58.0,71.0,53.0,0.9,,,,,,,
E034,Company A,Finance,Resilient,-4,88.51,56.0,66.0,87.0,86.0,58.0,71.0,53.0,0.9,,,,,,,
E034,Company A,Finance,Resilient,-3,88.27,56.0,66.0,87.0,86.0,58.0,71.0,53.0,0.9,,,,,,,
E034,Company A,Finance,Resilient,-2,87.8,56.0,66.0,87.0,86.0,58.0,71.0,53.0,0.9,,,,,,,
E034,Company A,Finance,Resilient,-1,86.58,56.0,66.0,87.0,86.0,58.0,71.0,53.0,0.9,,,,,,,
E034,Company A,Finance,Resilient,0,67.92,56.0,66.0,87.0,86.0,58.0,71.0,53.0,0.9,,,,,,,
E034,Company A,Finance,Resilient,1,69.03,56.0,66.0,87.0,86.0,58.0,71.0,53.0,0.9,,,,,,,
E034,Company A,Finance,Resilient,2,75.23,56.0,66.0,87.0,86.0,58.0,71.0,53.0,0.9,,,,,,,
E034,Company A,Finance,Resilient,3,82.12,56.0,66.0,87.0,86.0,58.0,71.0,53.0,0.9,,,,,,,
E034,Company A,Finance,Resilient,4,84.85,56.0,66.0,87.0,86.0,58.0,71.0,53.0,0.9,,,,,,,
E034,Company A,Finance,Resilient,5,92.28,56.0,66.0,87.0,86.0,58.0,71.0,53.0,0.9,,,,,,,
E034,Company A,Finance,Resilient,6,96.45,56.0,66.0,87.0,86.0,58.0,71.0,53.0,0.9,,,,,,,
E035,Company A,Operations,Rapid Adaptor,-6,82.12,1.0,0.0,46.0,68.0,19.0,10.0,1.0,0.8,,,,,,,
E035,Company A,Operations,Rapid Adaptor,-5,81.36,1.0,0.0,46.0,68.0,19.0,10.0,1.0,0.8,,,,,,,
E035,Company A,Operations,Rapid Adaptor,-4,84.34,1.0,0.0,46.0,68.0,19.0,10.0,1.0,0.8,,,,,,,
E035,Company A,Operations,Rapid Adaptor,-3,81.06,1.0,0.0,46.0,68.0,19.0,10.0,1.0,0.8,,,,,,,
E035,Company A,Operations,Rapid Adaptor,-2,84.82,1.0,0.0,46.0,68.0,19.0,10.0,1.0,0.8,,,,,,,
E035,Company A,Operations,Rapid Adaptor,-1,81.58,1.0,0.0,46.0,68.0,19.0,10.0,1.0,0.8,,,,,,,
E035,Company A,Operations,Rapid Adaptor,0,78.43,1.0,0.0,46.0,68.0,19.0,10.0,1.0,0.8,,,,,,,
E035,Company A,Operations,Rapid Adaptor,1,82.67,1.0,0.0,46.0,68.0,19.0,10.0,1.0,0.8,,,,,,,
E035,Company A,Operations,Rapid Adaptor,2,85.24,1.0,0.0,46.0,68.0,19.0,10.0,1.0,0.8,,,,,,,
E035,Company A,Operations,Rapid Adaptor,3,92.0,1.0,0.0,46.0,68.0,19.0,10.0,1.0,0.8,,,,,,,
E035,Company A,Operations,Rapid Adaptor,4,97.56,1.0,0.0,46.0,68.0,19.0,10.0,1.0,0.8,,,,,,,
E035,Company A,Operations,Rapid Adaptor,5,100.0,1.0,0.0,46.0,68.0,19.0,10.0,1.0,0.8,,,,,,,
E035,Company A,Operations,Rapid Adaptor,6,100.0,1.0,0.0,46.0,68.0,19.0,10.0,1.0,0.8,,,,,,,
E036,Company A,Finance,Vulnerable,-6,80.6,24.0,72.0,21.0,3.0,25.0,57.0,28.0,0.25,,,,,,,
E036,Company A,Finance,Vulnerable,-5,82.55,24.0,72.0,21.0,3.0,25.0,57.0,28.0,0.25,,,,,,,
E036,Company A,Finance,Vulnerable,-4,80.2,24.0,72.0,21.0,3.0,25.0,57.0,28.0,0.25,,,,,,,
E036,Company A,Finance,Vulnerable,-3,82.97,24.0,72.0,21.0,3.0,25.0,57.0,28.0,0.25,,,,,,,
E036,Company A,Finance,Vulnerable,-2,78.75,24.0,72.0,21.0,3.0,25.0,57.0,28.0,0.25,,,,,,,
E036,Company A,Finance,Vulnerable,-1,84.21,24.0,72.0,21.0,3.0,25.0,57.0,28.0,0.25,,,,,,,
E036,Company A,Finance,Vulnerable,0,74.12,24.0,72.0,21.0,3.0,25.0,57.0,28.0,0.25,,,,,,,
E036,Company A,Finance,Vulnerable,1,75.4,24.0,72.0,21.0,3.0,25.0,57.0,28.0,0.25,,,,,,,
E036,Company A,Finance,Vulnerable,2,78.57,24.0,72.0,21.0,3.0,25.0,57.0,28.0,0.25,,,,,,,
E036,Company A,Finance,Vulnerable,3,81.65,24.0,72.0,21.0,3.0,25.0,57.0,28.0,0.25,,,,,,,
E036,Company A,Finance,Vulnerable,4,82.06,24.0,72.0,21.0,3.0,25.0,57.0,28.0,0.25,,,,,,,
E036,Company A,Finance,Vulnerable,5,78.06,24.0,72.0,21.0,3.0,25.0,57.0,28.0,0.25,,,,,,,
E036,Company A,Finance,Vulnerable,6,80.89,24.0,72.0,21.0,3.0,25.0,57.0,28.0,0.25,,,,,,,
E037,Company A,HR,Declining,-6,69.43,64.0,50.0,52.0,35.0,25.0,28.0,20.0,0.1,,,,,,,
E037,Company A,HR,Declining,-5,67.48,64.0,50.0,52.0,35.0,25.0,28.0,20.0,0.1,,,,,,,
E037,Company A,HR,Declining,-4,67.88,64.0,50.0,52.0,35.0,25.0,28.0,20.0,0.1,,,,,,,
E037,Company A,HR,Declining,-3,68.1,64.0,50.0,52.0,35.0,25.0,28.0,20.0,0.1,,,,,,,
E037,Company A,HR,Declining,-2,67.28,64.0,50.0,52.0,35.0,25.0,28.0,20.0,0.1,,,,,,,
E037,Company A,HR,Declining,-1,68.06,64.0,50.0,52.0,35.0,25.0,28.0,20.0,0.1,,,,,,,
E037,Company A,HR,Declining,0,51.51,64.0,50.0,52.0,35.0,25.0,28.0,20.0,0.1,,,,,,,
E037,Company A,HR,Declining,1,51.77,64.0,50.0,52.0,35.0,25.0,28.0,20.0,0.1,,,,,,,
E037,Company A,HR,Declining,2,49.77,64.0,50.0,52.0,35.0,25.0,28.0,20.0,0.1,,,,,,,
E037,Company A,HR,Declining,3,52.73,64.0,50.0,52.0,35.0,25.0,28.0,20.0,0.1,,,,,,,
E037,Company A,HR,Declining,4,48.83,64.0,50.0,52.0,35.0,25.0,28.0,20.0,0.1,,,,,,,
E037,Company A,HR,Declining,5,52.97,64.0,50.0,52.0,35.0,25.0,28.0,20.0,0.1,,,,,,,
E037,Company A,HR,Declining,6,51.97,64.0,50.0,52.0,35.0,25.0,28.0,20.0,0.1,,,,,,,
E038,Company A,Finance,Rapid Adaptor,-6,96.51,72.0,25.0,65.0,72.0,72.0,39.0,16.0,0.8,,,,,,,
E038,Company A,Finance,Rapid Adaptor,-5,96.03,72.0,25.0,65.0,72.0,72.0,39.0,16.0,0.8,,,,,,,
E038,Company A,Finance,Rapid Adaptor,-4,100.0,72.0,25.0,65.0,72.0,72.0,39.0,16.0,0.8,,,,,,,
E038,Company A,Finance,Rapid Adaptor,-3,99.89,72.0,25.0,65.0,72.0,72.0,39.0,16.0,0.8,,,,,,,
E038,Company A,Finance,Rapid Adaptor,-2,96.73,72.0,25.0,65.0,72.0,72.0,39.0,16.0,0.8,,,,,,,
E038,Company A,Finance,Rapid Adaptor,-1,98.36,72.0,25.0,65.0,72.0,72.0,39.0,16.0,0.8,,,,,,,
E038,Company A,Finance,Rapid Adaptor,0,90.63,72.0,25.0,65.0,72.0,72.0,39.0,16.0,0.8,,,,,,,
E038,Company A,Finance,Rapid Adaptor,1,92.99,72.0,25.0,65.0,72.0,72.0,39.0,16.0,0.8,,,,,,,
E038,Company A,Finance,Rapid Adaptor,2,99.06,72.0,25.0,65.0,72.0,72.0,39.0,16.0,0.8,,,,,,,
E038,Company A,Finance,Rapid Adaptor,3,100.0,72.0,25.0,65.0,72.0,72.0,39.0,16.0,0.8,,,,,,,
E038,Company A,Finance,Rapid Adaptor,4,100.0,72.0,25.0,65.0,72.0,72.0,39.0,16.0,0.8,,,,,,,
E038,Company A,Finance,Rapid Adaptor,5,100.0,72.0,25.0,65.0,72.0,72.0,39.0,16.0,0.8,,,,,,,
E038,Company A,Finance,Rapid Adaptor,6,100.0,72.0,25.0,65.0,72.0,72.0,39.0,16.0,0.8,,,,,,,
E039,Company A,HR,Rapid Adaptor,-6,66.76,25.0,46.0,31.0,9.0,15.0,70.0,16.0,0.8,,,,,,,
E039,Company A,HR,Rapid Adaptor,-5,67.15,25.0,46.0,31.0,9.0,15.0,70.0,16.0,0.8,,,,,,,
E039,Company A,HR,Rapid Adaptor,-4,71.42,25.0,46.0,31.0,9.0,15.0,70.0,16.0,0.8,,,,,,,
E039,Company A,HR,Rapid Adaptor,-3,69.24,25.0,46.0,31.0,9.0,15.0,70.0,16.0,0.8,,,,,,,
E039,Company A,HR,Rapid Adaptor,-2,70.68,25.0,46.0,31.0,9.0,15.0,70.0,16.0,0.8,,,,,,,
E039,Company A,HR,Rapid Adaptor,-1,69.37,25.0,46.0,31.0,9.0,15.0,70.0,16.0,0.8,,,,,,,
E039,Company A,HR,Rapid Adaptor,0,64.46,25.0,46.0,31.0,9.0,15.0,70.0,16.0,0.8,,,,,,,
E039,Company A,HR,Rapid Adaptor,1,71.13,25.0,46.0,31.0,9.0,15.0,70.0,16.0,0.8,,,,,,,
E039,Company A,HR,Rapid Adaptor,2,73.07,25.0,46.0,31.0,9.0,15.0,70.0,16.0,0.8,,,,,,,
E039,Company A,HR,Rapid Adaptor,3,79.15,25.0,46.0,31.0,9.0,15.0,70.0,16.0,0.8,,,,,,,
E039,Company A,HR,Rapid Adaptor,4,82.88,25.0,46.0,31.0,9.0,15.0,70.0,16.0,0.8,,,,,,,
E039,Company A,HR,Rapid Adaptor,5,87.79,25.0,46.0,31.0,9.0,15.0,70.0,16.0,0.8,,,,,,,
E039,Company A,HR,Rapid Adaptor,6,92.89,25.0,46.0,31.0,9.0,15.0,70.0,16.0,0.8,,,,,,,
E040,Company A,HR,Rapid Adaptor,-6,77.59,54.0,86.0,38.0,14.0,3.0,92.0,85.0,0.8,,,,,,,
E040,Company A,HR,Rapid Adaptor,-5,81.09,54.0,86.0,38.0,14.0,3.0,92.0,85.0,0.8,,,,,,,
E040,Company A,HR,Rapid Adaptor,-4,82.34,54.0,86.0,38.0,14.0,3.0,92.0,85.0,0.8,,,,,,,
E040,Company A,HR,Rapid Adaptor,-3,80.72,54.0,86.0,38.0,14.0,3.0,92.0,85.0,0.8,,,,,,,
E040,Company A,HR,Rapid Adaptor,-2,82.69,54.0,86.0,38.0,14.0,3.0,92.0,85.0,0.8,,,,,,,
E040,Company A,HR,Rapid Adaptor,-1,79.52,54.0,86.0,38.0,14.0,3.0,92.0,85.0,0.8,,,,,,,
E040,Company A,HR,Rapid Adaptor,0,68.39,54.0,86.0,38.0,14.0,3.0,92.0,85.0,0.8,,,,,,,
E040,Company A,HR,Rapid Adaptor,1,74.76,54.0,86.0,38.0,14.0,3.0,92.0,85.0,0.8,,,,,,,
E040,Company A,HR,Rapid Adaptor,2,74.02,54.0,86.0,38.0,14.0,3.0,92.0,85.0,0.8,,,,,,,
E040,Company A,HR,Rapid Adaptor,3,78.44,54.0,86.0,38.0,14.0,3.0,92.0,85.0,0.8,,,,,,,
E040,Company A,HR,Rapid Adaptor,4,86.82,54.0,86.0,38.0,14.0,3.0,92.0,85.0,0.8,,,,,,,
E040,Company A,HR,Rapid Adaptor,5,91.65,54.0,86.0,38.0,14.0,3.0,92.0,85.0,0.8,,,,,,,
E040,Company A,HR,Rapid Adaptor,6,92.03,54.0,86.0,38.0,14.0,3.0,92.0,85.0,0.8,,,,,,,
E041,Company A,Sales,Declining,-6,78.17,67.0,17.0,61.0,36.0,24.0,47.0,64.0,0.1,,,,,,,
E041,Company A,Sales,Declining,-5,78.64,67.0,17.0,61.0,36.0,24.0,47.0,64.0,0.1,,,,,,,
E041,Company A,Sales,Declining,-4,81.54,67.0,17.0,61.0,36.0,24.0,47.0,64.0,0.1,,,,,,,
E041,Company A,Sales,Declining,-3,80.49,67.0,17.0,61.0,36.0,24.0,47.0,64.0,0.1,,,,,,,
E041,Company A,Sales,Declining,-2,80.04,67.0,17.0,61.0,36.0,24.0,47.0,64.0,0.1,,,,,,,
E041,Company A,Sales,Declining,-1,80.42,67.0,17.0,61.0,36.0,24.0,47.0,64.0,0.1,,,,,,,
E041,Company A,Sales,Declining,0,62.16,67.0,17.0,61.0,36.0,24.0,47.0,64.0,0.1,,,,,,,
E041,Company A,Sales,Declining,1,60.08,67.0,17.0,61.0,36.0,24.0,47.0,64.0,0.1,,,,,,,
E041,Company A,Sales,Declining,2,60.35,67.0,17.0,61.0,36.0,24.0,47.0,64.0,0.1,,,,,,,
E041,Company A,Sales,Declining,3,62.5,67.0,17.0,61.0,36.0,24.0,47.0,64.0,0.1,,,,,,,
E041,Company A,Sales,Declining,4,59.53,67.0,17.0,61.0,36.0,24.0,47.0,64.0,0.1,,,,,,,
E041,Company A,Sales,Declining,5,61.4,67.0,17.0,61.0,36.0,24.0,47.0,64.0,0.1,,,,,,,
E041,Company A,Sales,Declining,6,59.13,67.0,17.0,61.0,36.0,24.0,47.0,64.0,0.1,,,,,,,
E042,Company A,Sales,Rapid Adaptor,-6,72.54,40.0,2.0,5.0,4.0,4.0,53.0,46.0,0.8,,,,,,,
E042,Company A,Sales,Rapid Adaptor,-5,76.8,40.0,2.0,5.0,4.0,4.0,53.0,46.0,0.8,,,,,,,
E042,Company A,Sales,Rapid Adaptor,-4,80.44,40.0,2.0,5.0,4.0,4.0,53.0,46.0,0.8,,,,,,,
E042,Company A,Sales,Rapid Adaptor,-3,75.75,40.0,2.0,5.0,4.0,4.0,53.0,46.0,0.8,,,,,,,
E042,Company A,Sales,Rapid Adaptor,-2,72.12,40.0,2.0,5.0,4.0,4.0,53.0,46.0,0.8,,,,,,,
E042,Company A,Sales,Rapid Adaptor,-1,75.88,40.0,2.0,5.0,4.0,4.0,53.0,46.0,0.8,,,,,,,
E042,Company A,Sales,Rapid Adaptor,0,72.53,40.0,2.0,5.0,4.0,4.0,53.0,46.0,0.8,,,,,,,
E042,Company A,Sales,Rapid Adaptor,1,77.35,40.0,2.0,5.0,4.0,4.0,53.0,46.0,0.8,,,,,,,
E042,Company A,Sales,Rapid Adaptor,2,84.4,40.0,2.0,5.0,4.0,4.0,53.0,46.0,0.8,,,,,,,
E042,Company A,Sales,Rapid Adaptor,3,90.26,40.0,2.0,5.0,4.0,4.0,53.0,46.0,0.8,,,,,,,
E042,Company A,Sales,Rapid Adaptor,4,93.86,40.0,2.0,5.0,4.0,4.0,53.0,46.0,0.8,,,,,,,
E042,Company A,Sales,Rapid Adaptor,5,97.21,40.0,2.0,5.0,4.0,4.0,53.0,46.0,0.8,,,,,,,
E042,Company A,Sales,Rapid Adaptor,6,100.0,40.0,2.0,5.0,4.0,4.0,53.0,46.0,0.8,,,,,,,
E043,Company A,Marketing,Stable Specialist,-6,79.19,24.0,97.0,75.0,41.0,8.0,78.0,39.0,0.6,,,,,,,
E043,Company A,Marketing,Stable Specialist,-5,76.8,24.0,97.0,75.0,41.0,8.0,78.0,39.0,0.6,,,,,,,
E043,Company A,Marketing,Stable Specialist,-4,77.03,24.0,97.0,75.0,41.0,8.0,78.0,39.0,0.6,,,,,,,
E043,Company A,Marketing,Stable Specialist,-3,78.82,24.0,97.0,75.0,41.0,8.0,78.0,39.0,0.6,,,,,,,
E043,Company A,Marketing,Stable Specialist,-2,77.47,24.0,97.0,75.0,41.0,8.0,78.0,39.0,0.6,,,,,,,
E043,Company A,Marketing,Stable Specialist,-1,80.55,24.0,97.0,75.0,41.0,8.0,78.0,39.0,0.6,,,,,,,
E043,Company A,Marketing,Stable Specialist,0,69.58,24.0,97.0,75.0,41.0,8.0,78.0,39.0,0.6,,,,,,,
E043,Company A,Marketing,Stable Specialist,1,76.49,24.0,97.0,75.0,41.0,8.0,78.0,39.0,0.6,,,,,,,
E043,Company A,Marketing,Stable Specialist,2,77.66,24.0,97.0,75.0,41.0,8.0,78.0,39.0,0.6,,,,,,,
E043,Company A,Marketing,Stable Specialist,3,81.48,24.0,97.0,75.0,41.0,8.0,78.0,39.0,0.6,,,,,,,
E043,Company A,Marketing,Stable Specialist,4,82.8,24.0,97.0,75.0,41.0,8.0,78.0,39.0,0.6,,,,,,,
E043,Company A,Marketing,Stable Specialist,5,86.11,24.0,97.0,75.0,41.0,8.0,78.0,39.0,0.6,,,,,,,
E043,Company A,Marketing,Stable Specialist,6,92.51,24.0,97.0,75.0,41.0,8.0,78.0,39.0,0.6,,,,,,,
E044,Company A,IT,Resilient,-6,86.04,52.0,41.0,99.0,62.0,26.0,37.0,59.0,0.9,,,,,,,
E044,Company A,IT,Resilient,-5,88.16,52.0,41.0,99.0,62.0,26.0,37.0,59.0,0.9,,,,,,,
E044,Company A,IT,Resilient,-4,84.11,52.0,41.0,99.0,62.0,26.0,37.0,59.0,0.9,,,,,,,
E044,Company A,IT,Resilient,-3,86.48,52.0,41.0,99.0,62.0,26.0,37.0,59.0,0.9,,,,,,,
E044,Company A,IT,Resilient,-2,84.96,52.0,41.0,99.0,62.0,26.0,37.0,59.0,0.9,,,,,,,
E044,Company A,IT,Resilient,-1,85.8,52.0,41.0,99.0,62.0,26.0,37.0,59.0,0.9,,,,,,,
E044,Company A,IT,Resilient,0,76.16,52.0,41.0,99.0,62.0,26.0,37.0,59.0,0.9,,,,,,,
E044,Company A,IT,Resilient,1,78.58,52.0,41.0,99.0,62.0,26.0,37.0,59.0,0.9,,,,,,,
E044,Company A,IT,Resilient,2,82.88,52.0,41.0,99.0,62.0,26.0,37.0,59.0,0.9,,,,,,,
E044,Company A,IT,Resilient,3,84.66,52.0,41.0,99.0,62.0,26.0,37.0,59.0,0.9,,,,,,,
E044,Company A,IT,Resilient,4,93.46,52.0,41.0,99.0,62.0,26.0,37.0,59.0,0.9,,,,,,,
E044,Company A,IT,Resilient,5,97.85,52.0,41.0,99.0,62.0,26.0,37.0,59.0,0.9,,,,,,,
E044,Company A,IT,Resilient,6,100.0,52.0,41.0,99.0,62.0,26.0,37.0,59.0,0.9,,,,,,,
E045,Company A,Marketing,Rapid Adaptor,-6,78.62,95.0,97.0,62.0,27.0,59.0,78.0,93.0,0.8,,,,,,,
E045,Company A,Marketing,Rapid Adaptor,-5,78.3,95.0,97.0,62.0,27.0,59.0,78.0,93.0,0.8,,,,,,,
E045,Company A,Marketing,Rapid Adaptor,-4,76.01,95.0,97.0,62.0,27.0,59.0,78.0,93.0,0.8,,,,,,,
E045,Company A,Marketing,Rapid Adaptor,-3,78.77,95.0,97.0,62.0,27.0,59.0,78.0,93.0,0.8,,,,,,,
E045,Company A,Marketing,Rapid Adaptor,-2,79.22,95.0,97.0,62.0,27.0,59.0,78.0,93.0,0.8,,,,,,,
E045,Company A,Marketing,Rapid Adaptor,-1,75.87,95.0,97.0,62.0,27.0,59.0,78.0,93.0,0.8,,,,,,,
E045,Company A,Marketing,Rapid Adaptor,0,61.29,95.0,97.0,62.0,27.0,59.0,78.0,93.0,0.8,,,,,,,
E045,Company A,Marketing,Rapid Adaptor,1,69.4,95.0,97.0,62.0,27.0,59.0,78.0,93.0,0.8,,,,,,,
E045,Company A,Marketing,Rapid Adaptor,2,67.86,95.0,97.0,62.0,27.0,59.0,78.0,93.0,0.8,,,,,,,
E045,Company A,Marketing,Rapid Adaptor,3,69.91,95.0,97.0,62.0,27.0,59.0,78.0,93.0,0.8,,,,,,,
E045,Company A,Marketing,Rapid Adaptor,4,80.07,95.0,97.0,62.0,27.0,59.0,78.0,93.0,0.8,,,,,,,
E045,Company A,Marketing,Rapid Adaptor,5,83.56,95.0,97.0,62.0,27.0,59.0,78.0,93.0,0.8,,,,,,,
E045,Company A,Marketing,Rapid Adaptor,6,84.36,95.0,97.0,62.0,27.0,59.0,78.0,93.0,0.8,,,,,,,
E046,Company A,Marketing,Declining,-6,76.33,97.0,28.0,3.0,80.0,98.0,12.0,38.0,0.1,,,,,,,
E046,Company A,Marketing,Declining,-5,77.78,97.0,28.0,3.0,80.0,98.0,12.0,38.0,0.1,,,,,,,
E046,Company A,Marketing,Declining,-4,75.12,97.0,28.0,3.0,80.0,98.0,12.0,38.0,0.1,,,,,,,
E046,Company A,Marketing,Declining,-3,74.67,97.0,28.0,3.0,80.0,98.0,12.0,38.0,0.1,,,,,,,
E046,Company A,Marketing,Declining,-2,77.58,97.0,28.0,3.0,80.0,98.0,12.0,38.0,0.1,,,,,,,
E046,Company A,Marketing,Declining,-1,76.98,97.0,28.0,3.0,80.0,98.0,12.0,38.0,0.1,,,,,,,
E046,Company A,Marketing,Declining,0,49.2,97.0,28.0,3.0,80.0,98.0,12.0,38.0,0.1,,,,,,,
E046,Company A,Marketing,Declining,1,48.47,97.0,28.0,3.0,80.0,98.0,12.0,38.0,0.1,,,,,,,
E046,Company A,Marketing,Declining,2,52.71,97.0,28.0,3.0,80.0,98.0,12.0,38.0,0.1,,,,,,,
E046,Company A,Marketing,Declining,3,47.82,97.0,28.0,3.0,80.0,98.0,12.0,38.0,0.1,,,,,,,
E046,Company A,Marketing,Declining,4,48.16,97.0,28.0,3.0,80.0,98.0,12.0,38.0,0.1,,,,,,,
E046,Company A,Marketing,Declining,5,52.84,97.0,28.0,3.0,80.0,98.0,12.0,38.0,0.1,,,,,,,
E046,Company A,Marketing,Declining,6,53.12,97.0,28.0,3.0,80.0,98.0,12.0,38.0,0.1,,,,,,,
E047,Company A,Marketing,Delayed Adaptor,-6,78.15,17.0,14.0,79.0,26.0,71.0,59.0,45.0,0.5,,,,,,,
E047,Company A,Marketing,Delayed Adaptor,-5,79.78,17.0,14.0,79.0,26.0,71.0,59.0,45.0,0.5,,,,,,,
E047,Company A,Marketing,Delayed Adaptor,-4,80.57,17.0,14.0,79.0,26.0,71.0,59.0,45.0,0.5,,,,,,,
E047,Company A,Marketing,Delayed Adaptor,-3,79.22,17.0,14.0,79.0,26.0,71.0,59.0,45.0,0.5,,,,,,,
E047,Company A,Marketing,Delayed Adaptor,-2,82.39,17.0,14.0,79.0,26.0,71.0,59.0,45.0,0.5,,,,,,,
E047,Company A,Marketing,Delayed Adaptor,-1,80.2,17.0,14.0,79.0,26.0,71.0,59.0,45.0,0.5,,,,,,,
E047,Company A,Marketing,Delayed Adaptor,0,64.7,17.0,14.0,79.0,26.0,71.0,59.0,45.0,0.5,,,,,,,
E047,Company A,Marketing,Delayed Adaptor,1,67.35,17.0,14.0,79.0,26.0,71.0,59.0,45.0,0.5,,,,,,,
E047,Company A,Marketing,Delayed Adaptor,2,74.24,17.0,14.0,79.0,26.0,71.0,59.0,45.0,0.5,,,,,,,
E047,Company A,Marketing,Delayed Adaptor,3,72.88,17.0,14.0,79.0,26.0,71.0,59.0,45.0,0.5,,,,,,,
E047,Company A,Marketing,Delayed Adaptor,4,79.32,17.0,14.0,79.0,26.0,71.0,59.0,45.0,0.5,,,,,,,
E047,Company A,Marketing,Delayed Adaptor,5,82.4,17.0,14.0,79.0,26.0,71.0,59.0,45.0,0.5,,,,,,,
E047,Company A,Marketing,Delayed Adaptor,6,82.34,17.0,14.0,79.0,26.0,71.0,59.0,45.0,0.5,,,,,,,
E048,Company A,Operations,Stable Specialist,-6,81.04,63.0,76.0,80.0,71.0,20.0,17.0,93.0,0.6,,,,,,,
E048,Company A,Operations,Stable Specialist,-5,82.72,63.0,76.0,80.0,71.0,20.0,17.0,93.0,0.6,,,,,,,
E048,Company A,Operations,Stable Specialist,-4,87.41,63.0,76.0,80.0,71.0,20.0,17.0,93.0,0.6,,,,,,,
E048,Company A,Operations,Stable Specialist,-3,87.46,63.0,76.0,80.0,71.0,20.0,17.0,93.0,0.6,,,,,,,
E048,Company A,Operations,Stable Specialist,-2,86.74,63.0,76.0,80.0,71.0,20.0,17.0,93.0,0.6,,,,,,,
E048,Company A,Operations,Stable Specialist,-1,83.95,63.0,76.0,80.0,71.0,20.0,17.0,93.0,0.6,,,,,,,
E048,Company A,Operations,Stable Specialist,0,70.75,63.0,76.0,80.0,71.0,20.0,17.0,93.0,0.6,,,,,,,
E048,Company A,Operations,Stable Specialist,1,73.65,63.0,76.0,80.0,71.0,20.0,17.0,93.0,0.6,,,,,,,
E048,Company A,Operations,Stable Specialist,2,74.16,63.0,76.0,80.0,71.0,20.0,17.0,93.0,0.6,,,,,,,
E048,Company A,Operations,Stable Specialist,3,82.31,63.0,76.0,80.0,71.0,20.0,17.0,93.0,0.6,,,,,,,
E048,Company A,Operations,Stable Specialist,4,83.87,63.0,76.0,80.0,71.0,20.0,17.0,93.0,0.6,,,,,,,
E048,Company A,Operations,Stable Specialist,5,84.5,63.0,76.0,80.0,71.0,20.0,17.0,93.0,0.6,,,,,,,
E048,Company A,Operations,Stable Specialist,6,87.81,63.0,76.0,80.0,71.0,20.0,17.0,93.0,0.6,,,,,,,
E049,Company A,IT,Resilient,-6,81.54,76.0,29.0,32.0,76.0,25.0,21.0,65.0,0.9,,,,,,,
E049,Company A,IT,Resilient,-5,80.64,76.0,29.0,32.0,76.0,25.0,21.0,65.0,0.9,,,,,,,
E049,Company A,IT,Resilient,-4,79.89,76.0,29.0,32.0,76.0,25.0,21.0,65.0,0.9,,,,,,,
E049,Company A,IT,Resilient,-3,80.86,76.0,29.0,32.0,76.0,25.0,21.0,65.0,0.9,,,,,,,
E049,Company A,IT,Resilient,-2,82.2,76.0,29.0,32.0,76.0,25.0,21.0,65.0,0.9,,,,,,,
E049,Company A,IT,Resilient,-1,83.39,76.0,29.0,32.0,76.0,25.0,21.0,65.0,0.9,,,,,,,
E049,Company A,IT,Resilient,0,77.44,76.0,29.0,32.0,76.0,25.0,21.0,65.0,0.9,,,,,,,
E049,Company A,IT,Resilient,1,80.35,76.0,29.0,32.0,76.0,25.0,21.0,65.0,0.9,,,,,,,
E049,Company A,IT,Resilient,2,84.47,76.0,29.0,32.0,76.0,25.0,21.0,65.0,0.9,,,,,,,
E049,Company A,IT,Resilient,3,90.32,76.0,29.0,32.0,76.0,25.0,21.0,65.0,0.9,,,,,,,
E049,Company A,IT,Resilient,4,96.28,76.0,29.0,32.0,76.0,25.0,21.0,65.0,0.9,,,,,,,
E049,Company A,IT,Resilient,5,100.0,76.0,29.0,32.0,76.0,25.0,21.0,65.0,0.9,,,,,,,
E049,Company A,IT,Resilient,6,100.0,76.0,29.0,32.0,76.0,25.0,21.0,65.0,0.9,,,,,,,
E050,Company A,Marketing,Rapid Adaptor,-6,83.94,21.0,25.0,2.0,40.0,59.0,13.0,74.0,0.8,,,,,,,
E050,Company A,Marketing,Rapid Adaptor,-5,80.21,21.0,25.0,2.0,40.0,59.0,13.0,74.0,0.8,,,,,,,
E050,Company A,Marketing,Rapid Adaptor,-4,85.13,21.0,25.0,2.0,40.0,59.0,13.0,74.0,0.8,,,,,,,
E050,Company A,Marketing,Rapid Adaptor,-3,77.69,21.0,25.0,2.0,40.0,59.0,13.0,74.0,0.8,,,,,,,
E050,Company A,Marketing,Rapid Adaptor,-2,82.91,21.0,25.0,2.0,40.0,59.0,13.0,74.0,0.8,,,,,,,
E050,Company A,Marketing,Rapid Adaptor,-1,84.14,21.0,25.0,2.0,40.0,59.0,13.0,74.0,0.8,,,,,,,
E050,Company A,Marketing,Rapid Adaptor,0,71.51,21.0,25.0,2.0,40.0,59.0,13.0,74.0,0.8,,,,,,,
E050,Company A,Marketing,Rapid Adaptor,1,76.48,21.0,25.0,2.0,40.0,59.0,13.0,74.0,0.8,,,,,,,
E050,Company A,Marketing,Rapid Adaptor,2,83.86,21.0,25.0,2.0,40.0,59.0,13.0,74.0,0.8,,,,,,,
E050,Company A,Marketing,Rapid Adaptor,3,87.71,21.0,25.0,2.0,40.0,59.0,13.0,74.0,0.8,,,,,,,
E050,Company A,Marketing,Rapid Adaptor,4,87.63,21.0,25.0,2.0,40.0,59.0,13.0,74.0,0.8,,,,,,,
E050,Company A,Marketing,Rapid Adaptor,5,94.86,21.0,25.0,2.0,40.0,59.0,13.0,74.0,0.8,,,,,,,
E050,Company A,Marketing,Rapid Adaptor,6,100.0,21.0,25.0,2.0,40.0,59.0,13.0,74.0,0.8,,,,,,,
E051,Company A,Marketing,Resilient,-6,79.63,6.0,75.0,48.0,93.0,84.0,30.0,57.0,0.9,,,,,,,
E051,Company A,Marketing,Resilient,-5,74.03,6.0,75.0,48.0,93.0,84.0,30.0,57.0,0.9,,,,,,,
E051,Company A,Marketing,Resilient,-4,73.56,6.0,75.0,48.0,93.0,84.0,30.0,57.0,0.9,,,,,,,
E051,Company A,Marketing,Resilient,-3,76.93,6.0,75.0,48.0,93.0,84.0,30.0,57.0,0.9,,,,,,,
E051,Company A,Marketing,Resilient,-2,78.58,6.0,75.0,48.0,93.0,84.0,30.0,57.0,0.9,,,,,,,
E051,Company A,Marketing,Resilient,-1,79.85,6.0,75.0,48.0,93.0,84.0,30.0,57.0,0.9,,,,,,,
E051,Company A,Marketing,Resilient,0,63.59,6.0,75.0,48.0,93.0,84.0,30.0,57.0,0.9,,,,,,,
E051,Company A,Marketing,Resilient,1,71.07,6.0,75.0,48.0,93.0,84.0,30.0,57.0,0.9,,,,,,,
E051,Company A,Marketing,Resilient,2,73.24,6.0,75.0,48.0,93.0,84.0,30.0,57.0,0.9,,,,,,,
E051,Company A,Marketing,Resilient,3,77.37,6.0,75.0,48.0,93.0,84.0,30.0,57.0,0.9,,,,,,,
E051,Company A,Marketing,Resilient,4,83.89,6.0,75.0,48.0,93.0,84.0,30.0,57.0,0.9,,,,,,,
E051,Company A,Marketing,Resilient,5,87.83,6.0,75.0,48.0,93.0,84.0,30.0,57.0,0.9,,,,,,,
E051,Company A,Marketing,Resilient,6,87.77,6.0,75.0,48.0,93.0,84.0,30.0,57.0,0.9,,,,,,,
E052,Company A,Sales,Rapid Adaptor,-6,67.98,39.0,20.0,14.0,96.0,98.0,25.0,7.0,0.8,,,,,,,
E052,Company A,Sales,Rapid Adaptor,-5,68.29,39.0,20.0,14.0,96.0,98.0,25.0,7.0,0.8,,,,,,,
E052,Company A,Sales,Rapid Adaptor,-4,73.95,39.0,20.0,14.0,96.0,98.0,25.0,7.0,0.8,,,,,,,
E052,Company A,Sales,Rapid Adaptor,-3,65.84,39.0,20.0,14.0,96.0,98.0,25.0,7.0,0.8,,,,,,,
E052,Company A,Sales,Rapid Adaptor,-2,71.82,39.0,20.0,14.0,96.0,98.0,25.0,7.0,0.8,,,,,,,
E052,Company A,Sales,Rapid Adaptor,-1,70.84,39.0,20.0,14.0,96.0,98.0,25.0,7.0,0.8,,,,,,,
E052,Company A,Sales,Rapid Adaptor,0,65.42,39.0,20.0,14.0,96.0,98.0,25.0,7.0,0.8,,,,,,,
E052,Company A,Sales,Rapid Adaptor,1,71.59,39.0,20.0,14.0,96.0,98.0,25.0,7.0,0.8,,,,,,,
E052,Company A,Sales,Rapid Adaptor,2,75.39,39.0,20.0,14.0,96.0,98.0,25.0,7.0,0.8,,,,,,,
E052,Company A,Sales,Rapid Adaptor,3,85.26,39.0,20.0,14.0,96.0,98.0,25.0,7.0,0.8,,,,,,,
E052,Company A,Sales,Rapid Adaptor,4,90.88,39.0,20.0,14.0,96.0,98.0,25.0,7.0,0.8,,,,,,,
E052,Company A,Sales,Rapid Adaptor,5,90.99,39.0,20.0,14.0,96.0,98.0,25.0,7.0,0.8,,,,,,,
E052,Company A,Sales,Rapid Adaptor,6,98.01,39.0,20.0,14.0,96.0,98.0,25.0,7.0,0.8,,,,,,,
E053,Company A,Finance,Rapid Adaptor,-6,81.51,34.0,100.0,4.0,64.0,39.0,75.0,55.0,0.8,,,,,,,
E053,Company A,Finance,Rapid Adaptor,-5,83.49,34.0,100.0,4.0,64.0,39.0,75.0,55.0,0.8,,,,,,,
E053,Company A,Finance,Rapid Adaptor,-4,82.02,34.0,100.0,4.0,64.0,39.0,75.0,55.0,0.8,,,,,,,
E053,Company A,Finance,Rapid Adaptor,-3,78.78,34.0,100.0,4.0,64.0,39.0,75.0,55.0,0.8,,,,,,,
E053,Company A,Finance,Rapid Adaptor,-2,81.3,34.0,100.0,4.0,64.0,39.0,75.0,55.0,0.8,,,,,,,
E053,Company A,Finance,Rapid Adaptor,-1,86.52,34.0,100.0,4.0,64.0,39.0,75.0,55.0,0.8,,,,,,,
E053,Company A,Finance,Rapid Adaptor,0,69.8,34.0,100.0,4.0,64.0,39.0,75.0,55.0,0.8,,,,,,,
E053,Company A,Finance,Rapid Adaptor,1,74.27,34.0,100.0,4.0,64.0,39.0,75.0,55.0,0.8,,,,,,,
E053,Company A,Finance,Rapid Adaptor,2,75.92,34.0,100.0,4.0,64.0,39.0,75.0,55.0,0.8,,,,,,,
E053,Company A,Finance,Rapid Adaptor,3,82.99,34.0,100.0,4.0,64.0,39.0,75.0,55.0,0.8,,,,,,,
E053,Company A,Finance,Rapid Adaptor,4,85.66,34.0,100.0,4.0,64.0,39.0,75.0,55.0,0.8,,,,,,,
E053,Company A,Finance,Rapid Adaptor,5,87.56,34.0,100.0,4.0,64.0,39.0,75.0,55.0,0.8,,,,,,,
E053,Company A,Finance,Rapid Adaptor,6,90.05,34.0,100.0,4.0,64.0,39.0,75.0,55.0,0.8,,,,,,,
E054,Company A,IT,Resilient,-6,77.67,43.0,55.0,27.0,78.0,5.0,60.0,19.0,0.9,,,,,,,
E054,Company A,IT,Resilient,-5,79.2,43.0,55.0,27.0,78.0,5.0,60.0,19.0,0.9,,,,,,,
E054,Company A,IT,Resilient,-4,77.85,43.0,55.0,27.0,78.0,5.0,60.0,19.0,0.9,,,,,,,
E054,Company A,IT,Resilient,-3,79.21,43.0,55.0,27.0,78.0,5.0,60.0,19.0,0.9,,,,,,,
E054,Company A,IT,Resilient,-2,77.59,43.0,55.0,27.0,78.0,5.0,60.0,19.0,0.9,,,,,,,
E054,Company A,IT,Resilient,-1,77.91,43.0,55.0,27.0,78.0,5.0,60.0,19.0,0.9,,,,,,,
E054,Company A,IT,Resilient,0,60.72,43.0,55.0,27.0,78.0,5.0,60.0,19.0,0.9,,,,,,,
E054,Company A,IT,Resilient,1,71.5,43.0,55.0,27.0,78.0,5.0,60.0,19.0,0.9,,,,,,,
E054,Company A,IT,Resilient,2,75.3,43.0,55.0,27.0,78.0,5.0,60.0,19.0,0.9,,,,,,,
E054,Company A,IT,Resilient,3,81.55,43.0,55.0,27.0,78.0,5.0,60.0,19.0,0.9,,,,,,,
E054,Company A,IT,Resilient,4,78.71,43.0,55.0,27.0,78.0,5.0,60.0,19.0,0.9,,,,,,,
E054,Company A,IT,Resilient,5,93.63,43.0,55.0,27.0,78.0,5.0,60.0,19.0,0.9,,,,,,,
E054,Company A,IT,Resilient,6,94.12,43.0,55.0,27.0,78.0,5.0,60.0,19.0,0.9,,,,,,,
E055,Company A,IT,Vulnerable,-6,75.86,0.0,7.0,28.0,95.0,4.0,85.0,46.0,0.25,,,,,,,
E055,Company A,IT,Vulnerable,-5,75.17,0.0,7.0,28.0,95.0,4.0,85.0,46.0,0.25,,,,,,,
E055,Company A,IT,Vulnerable,-4,75.6,0.0,7.0,28.0,95.0,4.0,85.0,46.0,0.25,,,,,,,
E055,Company A,IT,Vulnerable,-3,79.68,0.0,7.0,28.0,95.0,4.0,85.0,46.0,0.25,,,,,,,
E055,Company A,IT,Vulnerable,-2,74.76,0.0,7.0,28.0,95.0,4.0,85.0,46.0,0.25,,,,,,,
E055,Company A,IT,Vulnerable,-1,75.27,0.0,7.0,28.0,95.0,4.0,85.0,46.0,0.25,,,,,,,
E055,Company A,IT,Vulnerable,0,59.85,0.0,7.0,28.0,95.0,4.0,85.0,46.0,0.25,,,,,,,
E055,Company A,IT,Vulnerable,1,62.11,0.0,7.0,28.0,95.0,4.0,85.0,46.0,0.25,,,,,,,
E055,Company A,IT,Vulnerable,2,64.43,0.0,7.0,28.0,95.0,4.0,85.0,46.0,0.25,,,,,,,
E055,Company A,IT,Vulnerable,3,65.48,0.0,7.0,28.0,95.0,4.0,85.0,46.0,0.25,,,,,,,
E055,Company A,IT,Vulnerable,4,64.07,0.0,7.0,28.0,95.0,4.0,85.0,46.0,0.25,,,,,,,
E055,Company A,IT,Vulnerable,5,71.77,0.0,7.0,28.0,95.0,4.0,85.0,46.0,0.25,,,,,,,
E055,Company A,IT,Vulnerable,6,68.36,0.0,7.0,28.0,95.0,4.0,85.0,46.0,0.25,,,,,,,
E056,Company A,HR,Declining,-6,75.94,62.0,72.0,32.0,40.0,88.0,47.0,12.0,0.1,,,,,,,
E056,Company A,HR,Declining,-5,74.2,62.0,72.0,32.0,40.0,88.0,47.0,12.0,0.1,,,,,,,
E056,Company A,HR,Declining,-4,73.78,62.0,72.0,32.0,40.0,88.0,47.0,12.0,0.1,,,,,,,
E056,Company A,HR,Declining,-3,69.7,62.0,72.0,32.0,40.0,88.0,47.0,12.0,0.1,,,,,,,
E056,Company A,HR,Declining,-2,71.2,62.0,72.0,32.0,40.0,88.0,47.0,12.0,0.1,,,,,,,
E056,Company A,HR,Declining,-1,75.16,62.0,72.0,32.0,40.0,88.0,47.0,12.0,0.1,,,,,,,
E056,Company A,HR,Declining,0,53.9,62.0,72.0,32.0,40.0,88.0,47.0,12.0,0.1,,,,,,,
E056,Company A,HR,Declining,1,54.28,62.0,72.0,32.0,40.0,88.0,47.0,12.0,0.1,,,,,,,
E056,Company A,HR,Declining,2,54.18,62.0,72.0,32.0,40.0,88.0,47.0,12.0,0.1,,,,,,,
E056,Company A,HR,Declining,3,55.57,62.0,72.0,32.0,40.0,88.0,47.0,12.0,0.1,,,,,,,
E056,Company A,HR,Declining,4,52.54,62.0,72.0,32.0,40.0,88.0,47.0,12.0,0.1,,,,,,,
E056,Company A,HR,Declining,5,53.38,62.0,72.0,32.0,40.0,88.0,47.0,12.0,0.1,,,,,,,
E056,Company A,HR,Declining,6,51.16,62.0,72.0,32.0,40.0,88.0,47.0,12.0,0.1,,,,,,,
E057,Company A,Finance,Rapid Adaptor,-6,92.26,70.0,14.0,20.0,18.0,59.0,92.0,88.0,0.8,,,,,,,
E057,Company A,Finance,Rapid Adaptor,-5,87.16,70.0,14.0,20.0,18.0,59.0,92.0,88.0,0.8,,,,,,,
E057,Company A,Finance,Rapid Adaptor,-4,87.7,70.0,14.0,20.0,18.0,59.0,92.0,88.0,0.8,,,,,,,
E057,Company A,Finance,Rapid Adaptor,-3,85.39,70.0,14.0,20.0,18.0,59.0,92.0,88.0,0.8,,,,,,,
E057,Company A,Finance,Rapid Adaptor,-2,88.39,70.0,14.0,20.0,18.0,59.0,92.0,88.0,0.8,,,,,,,
E057,Company A,Finance,Rapid Adaptor,-1,90.3,70.0,14.0,20.0,18.0,59.0,92.0,88.0,0.8,,,,,,,
E057,Company A,Finance,Rapid Adaptor,0,82.07,70.0,14.0,20.0,18.0,59.0,92.0,88.0,0.8,,,,,,,
E057,Company A,Finance,Rapid Adaptor,1,91.6,70.0,14.0,20.0,18.0,59.0,92.0,88.0,0.8,,,,,,,
E057,Company A,Finance,Rapid Adaptor,2,90.02,70.0,14.0,20.0,18.0,59.0,92.0,88.0,0.8,,,,,,,
E057,Company A,Finance,Rapid Adaptor,3,91.33,70.0,14.0,20.0,18.0,59.0,92.0,88.0,0.8,,,,,,,
E057,Company A,Finance,Rapid Adaptor,4,99.57,70.0,14.0,20.0,18.0,59.0,92.0,88.0,0.8,,,,,,,
E057,Company A,Finance,Rapid Adaptor,5,99.03,70.0,14.0,20.0,18.0,59.0,92.0,88.0,0.8,,,,,,,
E057,Company A,Finance,Rapid Adaptor,6,100.0,70.0,14.0,20.0,18.0,59.0,92.0,88.0,0.8,,,,,,,
E058,Company A,Sales,Stable Specialist,-6,87.09,20.0,22.0,79.0,46.0,14.0,24.0,35.0,0.6,,,,,,,
E058,Company A,Sales,Stable Specialist,-5,85.92,20.0,22.0,79.0,46.0,14.0,24.0,35.0,0.6,,,,,,,
E058,Company A,Sales,Stable Specialist,-4,84.08,20.0,22.0,79.0,46.0,14.0,24.0,35.0,0.6,,,,,,,
E058,Company A,Sales,Stable Specialist,-3,84.24,20.0,22.0,79.0,46.0,14.0,24.0,35.0,0.6,,,,,,,
E058,Company A,Sales,Stable Specialist,-2,84.02,20.0,22.0,79.0,46.0,14.0,24.0,35.0,0.6,,,,,,,
E058,Company A,Sales,Stable Specialist,-1,87.93,20.0,22.0,79.0,46.0,14.0,24.0,35.0,0.6,,,,,,,
E058,Company A,Sales,Stable Specialist,0,72.53,20.0,22.0,79.0,46.0,14.0,24.0,35.0,0.6,,,,,,,
E058,Company A,Sales,Stable Specialist,1,73.5,20.0,22.0,79.0,46.0,14.0,24.0,35.0,0.6,,,,,,,
E058,Company A,Sales,Stable Specialist,2,81.69,20.0,22.0,79.0,46.0,14.0,24.0,35.0,0.6,,,,,,,
E058,Company A,Sales,Stable Specialist,3,87.49,20.0,22.0,79.0,46.0,14.0,24.0,35.0,0.6,,,,,,,
E058,Company A,Sales,Stable Specialist,4,89.58,20.0,22.0,79.0,46.0,14.0,24.0,35.0,0.6,,,,,,,
E058,Company A,Sales,Stable Specialist,5,90.39,20.0,22.0,79.0,46.0,14.0,24.0,35.0,0.6,,,,,,,
E058,Company A,Sales,Stable Specialist,6,91.99,20.0,22.0,79.0,46.0,14.0,24.0,35.0,0.6,,,,,,,
E059,Company A,Finance,Delayed Adaptor,-6,73.65,73.0,38.0,12.0,30.0,70.0,62.0,55.0,0.5,,,,,,,
E059,Company A,Finance,Delayed Adaptor,-5,72.3,73.0,38.0,12.0,30.0,70.0,62.0,55.0,0.5,,,,,,,
E059,Company A,Finance,Delayed Adaptor,-4,74.18,73.0,38.0,12.0,30.0,70.0,62.0,55.0,0.5,,,,,,,
E059,Company A,Finance,Delayed Adaptor,-3,73.54,73.0,38.0,12.0,30.0,70.0,62.0,55.0,0.5,,,,,,,
E059,Company A,Finance,Delayed Adaptor,-2,68.04,73.0,38.0,12.0,30.0,70.0,62.0,55.0,0.5,,,,,,,
E059,Company A,Finance,Delayed Adaptor,-1,73.08,73.0,38.0,12.0,30.0,70.0,62.0,55.0,0.5,,,,,,,
E059,Company A,Finance,Delayed Adaptor,0,61.83,73.0,38.0,12.0,30.0,70.0,62.0,55.0,0.5,,,,,,,
E059,Company A,Finance,Delayed Adaptor,1,62.54,73.0,38.0,12.0,30.0,70.0,62.0,55.0,0.5,,,,,,,
E059,Company A,Finance,Delayed Adaptor,2,63.29,73.0,38.0,12.0,30.0,70.0,62.0,55.0,0.5,,,,,,,
E059,Company A,Finance,Delayed Adaptor,3,62.89,73.0,38.0,12.0,30.0,70.0,62.0,55.0,0.5,,,,,,,
E059,Company A,Finance,Delayed Adaptor,4,68.52,73.0,38.0,12.0,30.0,70.0,62.0,55.0,0.5,,,,,,,
E059,Company A,Finance,Delayed Adaptor,5,71.6,73.0,38.0,12.0,30.0,70.0,62.0,55.0,0.5,,,,,,,
E059,Company A,Finance,Delayed Adaptor,6,72.18,73.0,38.0,12.0,30.0,70.0,62.0,55.0,0.5,,,,,,,
E060,Company A,Finance,Rapid Adaptor,-6,83.67,23.0,18.0,99.0,59.0,38.0,73.0,88.0,0.8,,,,,,,
E060,Company A,Finance,Rapid Adaptor,-5,89.68,23.0,18.0,99.0,59.0,38.0,73.0,88.0,0.8,,,,,,,
E060,Company A,Finance,Rapid Adaptor,-4,82.75,23.0,18.0,99.0,59.0,38.0,73.0,88.0,0.8,,,,,,,
E060,Company A,Finance,Rapid Adaptor,-3,86.28,23.0,18.0,99.0,59.0,38.0,73.0,88.0,0.8,,,,,,,
E060,Company A,Finance,Rapid Adaptor,-2,83.76,23.0,18.0,99.0,59.0,38.0,73.0,88.0,0.8,,,,,,,
E060,Company A,Finance,Rapid Adaptor,-1,84.52,23.0,18.0,99.0,59.0,38.0,73.0,88.0,0.8,,,,,,,
E060,Company A,Finance,Rapid Adaptor,0,75.18,23.0,18.0,99.0,59.0,38.0,73.0,88.0,0.8,,,,,,,
E060,Company A,Finance,Rapid Adaptor,1,80.9,23.0,18.0,99.0,59.0,38.0,73.0,88.0,0.8,,,,,,,
E060,Company A,Finance,Rapid Adaptor,2,85.87,23.0,18.0,99.0,59.0,38.0,73.0,88.0,0.8,,,,,,,
E060,Company A,Finance,Rapid Adaptor,3,83.72,23.0,18.0,99.0,59.0,38.0,73.0,88.0,0.8,,,,,,,
E060,Company A,Finance,Rapid Adaptor,4,91.51,23.0,18.0,99.0,59.0,38.0,73.0,88.0,0.8,,,,,,,
E060,Company A,Finance,Rapid Adaptor,5,98.07,23.0,18.0,99.0,59.0,38.0,73.0,88.0,0.8,,,,,,,
E060,Company A,Finance,Rapid Adaptor,6,95.95,23.0,18.0,99.0,59.0,38.0,73.0,88.0,0.8,,,,,,,
E061,Company A,Sales,Vulnerable,-6,80.21,17.0,66.0,41.0,38.0,40.0,74.0,23.0,0.25,,,,,,,
E061,Company A,Sales,Vulnerable,-5,76.2,17.0,66.0,41.0,38.0,40.0,74.0,23.0,0.25,,,,,,,
E061,Company A,Sales,Vulnerable,-4,76.55,17.0,66.0,41.0,38.0,40.0,74.0,23.0,0.25,,,,,,,
E061,Company A,Sales,Vulnerable,-3,75.79,17.0,66.0,41.0,38.0,40.0,74.0,23.0,0.25,,,,,,,
E061,Company A,Sales,Vulnerable,-2,74.93,17.0,66.0,41.0,38.0,40.0,74.0,23.0,0.25,,,,,,,
E061,Company A,Sales,Vulnerable,-1,75.66,17.0,66.0,41.0,38.0,40.0,74.0,23.0,0.25,,,,,,,
E061,Company A,Sales,Vulnerable,0,59.52,17.0,66.0,41.0,38.0,40.0,74.0,23.0,0.25,,,,,,,
E061,Company A,Sales,Vulnerable,1,63.94,17.0,66.0,41.0,38.0,40.0,74.0,23.0,0.25,,,,,,,
E061,Company A,Sales,Vulnerable,2,64.24,17.0,66.0,41.0,38.0,40.0,74.0,23.0,0.25,,,,,,,
E061,Company A,Sales,Vulnerable,3,68.16,17.0,66.0,41.0,38.0,40.0,74.0,23.0,0.25,,,,,,,
E061,Company A,Sales,Vulnerable,4,66.49,17.0,66.0,41.0,38.0,40.0,74.0,23.0,0.25,,,,,,,
E061,Company A,Sales,Vulnerable,5,72.18,17.0,66.0,41.0,38.0,40.0,74.0,23.0,0.25,,,,,,,
E061,Company A,Sales,Vulnerable,6,75.09,17.0,66.0,41.0,38.0,40.0,74.0,23.0,0.25,,,,,,,
E062,Company A,Sales,Declining,-6,81.73,69.0,1.0,86.0,43.0,1.0,80.0,34.0,0.1,,,,,,,
E062,Company A,Sales,Declining,-5,78.47,69.0,1.0,86.0,43.0,1.0,80.0,34.0,0.1,,,,,,,
E062,Company A,Sales,Declining,-4,76.91,69.0,1.0,86.0,43.0,1.0,80.0,34.0,0.1,,,,,,,
E062,Company A,Sales,Declining,-3,76.29,69.0,1.0,86.0,43.0,1.0,80.0,34.0,0.1,,,,,,,
E062,Company A,Sales,Declining,-2,79.53,69.0,1.0,86.0,43.0,1.0,80.0,34.0,0.1,,,,,,,
E062,Company A,Sales,Declining,-1,76.44,69.0,1.0,86.0,43.0,1.0,80.0,34.0,0.1,,,,,,,
E062,Company A,Sales,Declining,0,63.09,69.0,1.0,86.0,43.0,1.0,80.0,34.0,0.1,,,,,,,
E062,Company A,Sales,Declining,1,66.07,69.0,1.0,86.0,43.0,1.0,80.0,34.0,0.1,,,,,,,
E062,Company A,Sales,Declining,2,62.27,69.0,1.0,86.0,43.0,1.0,80.0,34.0,0.1,,,,,,,
E062,Company A,Sales,Declining,3,65.48,69.0,1.0,86.0,43.0,1.0,80.0,34.0,0.1,,,,,,,
E062,Company A,Sales,Declining,4,60.4,69.0,1.0,86.0,43.0,1.0,80.0,34.0,0.1,,,,,,,
E062,Company A,Sales,Declining,5,61.74,69.0,1.0,86.0,43.0,1.0,80.0,34.0,0.1,,,,,,,
E062,Company A,Sales,Declining,6,59.96,69.0,1.0,86.0,43.0,1.0,80.0,34.0,0.1,,,,,,,
E063,Company A,Sales,Vulnerable,-6,93.42,83.0,69.0,21.0,81.0,71.0,31.0,32.0,0.25,,,,,,,
E063,Company A,Sales,Vulnerable,-5,87.91,83.0,69.0,21.0,81.0,71.0,31.0,32.0,0.25,,,,,,,
E063,Company A,Sales,Vulnerable,-4,87.68,83.0,69.0,21.0,81.0,71.0,31.0,32.0,0.25,,,,,,,
E063,Company A,Sales,Vulnerable,-3,86.18,83.0,69.0,21.0,81.0,71.0,31.0,32.0,0.25,,,,,,,
E063,Company A,Sales,Vulnerable,-2,85.42,83.0,69.0,21.0,81.0,71.0,31.0,32.0,0.25,,,,,,,
E063,Company A,Sales,Vulnerable,-1,86.05,83.0,69.0,21.0,81.0,71.0,31.0,32.0,0.25,,,,,,,
E063,Company A,Sales,Vulnerable,0,65.75,83.0,69.0,21.0,81.0,71.0,31.0,32.0,0.25,,,,,,,
E063,Company A,Sales,Vulnerable,1,71.23,83.0,69.0,21.0,81.0,71.0,31.0,32.0,0.25,,,,,,,
E063,Company A,Sales,Vulnerable,2,70.12,83.0,69.0,21.0,81.0,71.0,31.0,32.0,0.25,,,,,,,
E063,Company A,Sales,Vulnerable,3,71.85,83.0,69.0,21.0,81.0,71.0,31.0,32.0,0.25,,,,,,,
E063,Company A,Sales,Vulnerable,4,72.7,83.0,69.0,21.0,81.0,71.0,31.0,32.0,0.25,,,,,,,
E063,Company A,Sales,Vulnerable,5,75.05,83.0,69.0,21.0,81.0,71.0,31.0,32.0,0.25,,,,,,,
E063,Company A,Sales,Vulnerable,6,78.55,83.0,69.0,21.0,81.0,71.0,31.0,32.0,0.25,,,,,,,
E064,Company A,IT,Resilient,-6,77.83,41.0,37.0,81.0,44.0,34.0,29.0,87.0,0.9,,,,,,,
E064,Company A,IT,Resilient,-5,76.58,41.0,37.0,81.0,44.0,34.0,29.0,87.0,0.9,,,,,,,
E064,Company A,IT,Resilient,-4,76.41,41.0,37.0,81.0,44.0,34.0,29.0,87.0,0.9,,,,,,,
E064,Company A,IT,Resilient,-3,76.21,41.0,37.0,81.0,44.0,34.0,29.0,87.0,0.9,,,,,,,
E064,Company A,IT,Resilient,-2,79.27,41.0,37.0,81.0,44.0,34.0,29.0,87.0,0.9,,,,,,,
E064,Company A,IT,Resilient,-1,78.73,41.0,37.0,81.0,44.0,34.0,29.0,87.0,0.9,,,,,,,
E064,Company A,IT,Resilient,0,66.53,41.0,37.0,81.0,44.0,34.0,29.0,87.0,0.9,,,,,,,
E064,Company A,IT,Resilient,1,70.29,41.0,37.0,81.0,44.0,34.0,29.0,87.0,0.9,,,,,,,
E064,Company A,IT,Resilient,2,82.44,41.0,37.0,81.0,44.0,34.0,29.0,87.0,0.9,,,,,,,
E064,Company A,IT,Resilient,3,84.46,41.0,37.0,81.0,44.0,34.0,29.0,87.0,0.9,,,,,,,
E064,Company A,IT,Resilient,4,84.89,41.0,37.0,81.0,44.0,34.0,29.0,87.0,0.9,,,,,,,
E064,Company A,IT,Resilient,5,92.5,41.0,37.0,81.0,44.0,34.0,29.0,87.0,0.9,,,,,,,
E064,Company A,IT,Resilient,6,100.0,41.0,37.0,81.0,44.0,34.0,29.0,87.0,0.9,,,,,,,
E065,Company A,Marketing,Vulnerable,-6,73.6,97.0,7.0,20.0,97.0,67.0,24.0,78.0,0.25,,,,,,,
E065,Company A,Marketing,Vulnerable,-5,72.4,97.0,7.0,20.0,97.0,67.0,24.0,78.0,0.25,,,,,,,
E065,Company A,Marketing,Vulnerable,-4,73.52,97.0,7.0,20.0,97.0,67.0,24.0,78.0,0.25,,,,,,,
E065,Company A,Marketing,Vulnerable,-3,72.67,97.0,7.0,20.0,97.0,67.0,24.0,78.0,0.25,,,,,,,
E065,Company A,Marketing,Vulnerable,-2,68.59,97.0,7.0,20.0,97.0,67.0,24.0,78.0,0.25,,,,,,,
E065,Company A,Marketing,Vulnerable,-1,70.67,97.0,7.0,20.0,97.0,67.0,24.0,78.0,0.25,,,,,,,
E065,Company A,Marketing,Vulnerable,0,52.21,97.0,7.0,20.0,97.0,67.0,24.0,78.0,0.25,,,,,,,
E065,Company A,Marketing,Vulnerable,1,51.46,97.0,7.0,20.0,97.0,67.0,24.0,78.0,0.25,,,,,,,
E065,Company A,Marketing,Vulnerable,2,56.46,97.0,7.0,20.0,97.0,67.0,24.0,78.0,0.25,,,,,,,
E065,Company A,Marketing,Vulnerable,3,59.7,97.0,7.0,20.0,97.0,67.0,24.0,78.0,0.25,,,,,,,
E065,Company A,Marketing,Vulnerable,4,60.45,97.0,7.0,20.0,97.0,67.0,24.0,78.0,0.25,,,,,,,
E065,Company A,Marketing,Vulnerable,5,58.97,97.0,7.0,20.0,97.0,67.0,24.0,78.0,0.25,,,,,,,
E065,Company A,Marketing,Vulnerable,6,63.76,97.0,7.0,20.0,97.0,67.0,24.0,78.0,0.25,,,,,,,
E066,Company A,HR,Resilient,-6,90.87,86.0,82.0,8.0,98.0,20.0,72.0,27.0,0.9,,,,,,,
E066,Company A,HR,Resilient,-5,90.7,86.0,82.0,8.0,98.0,20.0,72.0,27.0,0.9,,,,,,,
E066,Company A,HR,Resilient,-4,91.82,86.0,82.0,8.0,98.0,20.0,72.0,27.0,0.9,,,,,,,
E066,Company A,HR,Resilient,-3,91.8,86.0,82.0,8.0,98.0,20.0,72.0,27.0,0.9,,,,,,,
E066,Company A,HR,Resilient,-2,91.48,86.0,82.0,8.0,98.0,20.0,72.0,27.0,0.9,,,,,,,
E066,Company A,HR,Resilient,-1,92.35,86.0,82.0,8.0,98.0,20.0,72.0,27.0,0.9,,,,,,,
E066,Company A,HR,Resilient,0,82.81,86.0,82.0,8.0,98.0,20.0,72.0,27.0,0.9,,,,,,,
E066,Company A,HR,Resilient,1,86.68,86.0,82.0,8.0,98.0,20.0,72.0,27.0,0.9,,,,,,,
E066,Company A,HR,Resilient,2,86.16,86.0,82.0,8.0,98.0,20.0,72.0,27.0,0.9,,,,,,,
E066,Company A,HR,Resilient,3,88.38,86.0,82.0,8.0,98.0,20.0,72.0,27.0,0.9,,,,,,,
E066,Company A,HR,Resilient,4,99.7,86.0,82.0,8.0,98.0,20.0,72.0,27.0,0.9,,,,,,,
E066,Company A,HR,Resilient,5,99.45,86.0,82.0,8.0,98.0,20.0,72.0,27.0,0.9,,,,,,,
E066,Company A,HR,Resilient,6,100.0,86.0,82.0,8.0,98.0,20.0,72.0,27.0,0.9,,,,,,,
E067,Company A,Marketing,Vulnerable,-6,89.24,85.0,4.0,54.0,1.0,61.0,90.0,20.0,0.25,,,,,,,
E067,Company A,Marketing,Vulnerable,-5,85.5,85.0,4.0,54.0,1.0,61.0,90.0,20.0,0.25,,,,,,,
E067,Company A,Marketing,Vulnerable,-4,88.82,85.0,4.0,54.0,1.0,61.0,90.0,20.0,0.25,,,,,,,
E067,Company A,Marketing,Vulnerable,-3,88.42,85.0,4.0,54.0,1.0,61.0,90.0,20.0,0.25,,,,,,,
E067,Company A,Marketing,Vulnerable,-2,89.61,85.0,4.0,54.0,1.0,61.0,90.0,20.0,0.25,,,,,,,
E067,Company A,Marketing,Vulnerable,-1,88.69,85.0,4.0,54.0,1.0,61.0,90.0,20.0,0.25,,,,,,,
E067,Company A,Marketing,Vulnerable,0,69.71,85.0,4.0,54.0,1.0,61.0,90.0,20.0,0.25,,,,,,,
E067,Company A,Marketing,Vulnerable,1,75.45,85.0,4.0,54.0,1.0,61.0,90.0,20.0,0.25,,,,,,,
E067,Company A,Marketing,Vulnerable,2,74.15,85.0,4.0,54.0,1.0,61.0,90.0,20.0,0.25,,,,,,,
E067,Company A,Marketing,Vulnerable,3,75.82,85.0,4.0,54.0,1.0,61.0,90.0,20.0,0.25,,,,,,,
E067,Company A,Marketing,Vulnerable,4,75.41,85.0,4.0,54.0,1.0,61.0,90.0,20.0,0.25,,,,,,,
E067,Company A,Marketing,Vulnerable,5,77.8,85.0,4.0,54.0,1.0,61.0,90.0,20.0,0.25,,,,,,,
E067,Company A,Marketing,Vulnerable,6,78.32,85.0,4.0,54.0,1.0,61.0,90.0,20.0,0.25,,,,,,,
E068,Company A,IT,Vulnerable,-6,87.97,51.0,28.0,37.0,41.0,20.0,41.0,12.0,0.25,,,,,,,
E068,Company A,IT,Vulnerable,-5,88.29,51.0,28.0,37.0,41.0,20.0,41.0,12.0,0.25,,,,,,,
E068,Company A,IT,Vulnerable,-4,87.31,51.0,28.0,37.0,41.0,20.0,41.0,12.0,0.25,,,,,,,
E068,Company A,IT,Vulnerable,-3,89.26,51.0,28.0,37.0,41.0,20.0,41.0,12.0,0.25,,,,,,,
E068,Company A,IT,Vulnerable,-2,86.22,51.0,28.0,37.0,41.0,20.0,41.0,12.0,0.25,,,,,,,
E068,Company A,IT,Vulnerable,-1,87.6,51.0,28.0,37.0,41.0,20.0,41.0,12.0,0.25,,,,,,,
E068,Company A,IT,Vulnerable,0,74.56,51.0,28.0,37.0,41.0,20.0,41.0,12.0,0.25,,,,,,,
E068,Company A,IT,Vulnerable,1,72.15,51.0,28.0,37.0,41.0,20.0,41.0,12.0,0.25,,,,,,,
E068,Company A,IT,Vulnerable,2,71.84,51.0,28.0,37.0,41.0,20.0,41.0,12.0,0.25,,,,,,,
E068,Company A,IT,Vulnerable,3,79.01,51.0,28.0,37.0,41.0,20.0,41.0,12.0,0.25,,,,,,,
E068,Company A,IT,Vulnerable,4,79.88,51.0,28.0,37.0,41.0,20.0,41.0,12.0,0.25,,,,,,,
E068,Company A,IT,Vulnerable,5,84.53,51.0,28.0,37.0,41.0,20.0,41.0,12.0,0.25,,,,,,,
E068,Company A,IT,Vulnerable,6,84.36,51.0,28.0,37.0,41.0,20.0,41.0,12.0,0.25,,,,,,,
E069,Company A,Operations,Vulnerable,-6,78.68,7.0,76.0,71.0,86.0,42.0,0.0,50.0,0.25,,,,,,,
E069,Company A,Operations,Vulnerable,-5,83.02,7.0,76.0,71.0,86.0,42.0,0.0,50.0,0.25,,,,,,,
E069,Company A,Operations,Vulnerable,-4,79.31,7.0,76.0,71.0,86.0,42.0,0.0,50.0,0.25,,,,,,,
E069,Company A,Operations,Vulnerable,-3,78.53,7.0,76.0,71.0,86.0,42.0,0.0,50.0,0.25,,,,,,,
E069,Company A,Operations,Vulnerable,-2,81.69,7.0,76.0,71.0,86.0,42.0,0.0,50.0,0.25,,,,,,,
E069,Company A,Operations,Vulnerable,-1,82.99,7.0,76.0,71.0,86.0,42.0,0.0,50.0,0.25,,,,,,,
E069,Company A,Operations,Vulnerable,0,58.41,7.0,76.0,71.0,86.0,42.0,0.0,50.0,0.25,,,,,,,
E069,Company A,Operations,Vulnerable,1,59.99,7.0,76.0,71.0,86.0,42.0,0.0,50.0,0.25,,,,,,,
E069,Company A,Operations,Vulnerable,2,57.51,7.0,76.0,71.0,86.0,42.0,0.0,50.0,0.25,,,,,,,
E069,Company A,Operations,Vulnerable,3,57.21,7.0,76.0,71.0,86.0,42.0,0.0,50.0,0.25,,,,,,,
E069,Company A,Operations,Vulnerable,4,64.08,7.0,76.0,71.0,86.0,42.0,0.0,50.0,0.25,,,,,,,
E069,Company A,Operations,Vulnerable,5,61.46,7.0,76.0,71.0,86.0,42.0,0.0,50.0,0.25,,,,,,,
E069,Company A,Operations,Vulnerable,6,62.63,7.0,76.0,71.0,86.0,42.0,0.0,50.0,0.25,,,,,,,
E070,Company A,Sales,Resilient,-6,82.12,61.0,9.0,20.0,35.0,11.0,90.0,1.0,0.9,,,,,,,
E070,Company A,Sales,Resilient,-5,80.01,61.0,9.0,20.0,35.0,11.0,90.0,1.0,0.9,,,,,,,
E070,Company A,Sales,Resilient,-4,79.71,61.0,9.0,20.0,35.0,11.0,90.0,1.0,0.9,,,,,,,
E070,Company A,Sales,Resilient,-3,76.81,61.0,9.0,20.0,35.0,11.0,90.0,1.0,0.9,,,,,,,
E070,Company A,Sales,Resilient,-2,79.24,61.0,9.0,20.0,35.0,11.0,90.0,1.0,0.9,,,,,,,
E070,Company A,Sales,Resilient,-1,79.63,61.0,9.0,20.0,35.0,11.0,90.0,1.0,0.9,,,,,,,
E070,Company A,Sales,Resilient,0,74.22,61.0,9.0,20.0,35.0,11.0,90.0,1.0,0.9,,,,,,,
E070,Company A,Sales,Resilient,1,79.23,61.0,9.0,20.0,35.0,11.0,90.0,1.0,0.9,,,,,,,
E070,Company A,Sales,Resilient,2,83.62,61.0,9.0,20.0,35.0,11.0,90.0,1.0,0.9,,,,,,,
E070,Company A,Sales,Resilient,3,88.48,61.0,9.0,20.0,35.0,11.0,90.0,1.0,0.9,,,,,,,
E070,Company A,Sales,Resilient,4,93.83,61.0,9.0,20.0,35.0,11.0,90.0,1.0,0.9,,,,,,,
E070,Company A,Sales,Resilient,5,100.0,61.0,9.0,20.0,35.0,11.0,90.0,1.0,0.9,,,,,,,
E070,Company A,Sales,Resilient,6,100.0,61.0,9.0,20.0,35.0,11.0,90.0,1.0,0.9,,,,,,,
E071,Company A,Sales,Stable Specialist,-6,82.04,45.0,20.0,98.0,31.0,93.0,38.0,11.0,0.6,,,,,,,
E071,Company A,Sales,Stable Specialist,-5,80.98,45.0,20.0,98.0,31.0,93.0,38.0,11.0,0.6,,,,,,,
E071,Company A,Sales,Stable Specialist,-4,84.69,45.0,20.0,98.0,31.0,93.0,38.0,11.0,0.6,,,,,,,
E071,Company A,Sales,Stable Specialist,-3,82.46,45.0,20.0,98.0,31.0,93.0,38.0,11.0,0.6,,,,,,,
E071,Company A,Sales,Stable Specialist,-2,82.94,45.0,20.0,98.0,31.0,93.0,38.0,11.0,0.6,,,,,,,
E071,Company A,Sales,Stable Specialist,-1,82.8,45.0,20.0,98.0,31.0,93.0,38.0,11.0,0.6,,,,,,,
E071,Company A,Sales,Stable Specialist,0,68.88,45.0,20.0,98.0,31.0,93.0,38.0,11.0,0.6,,,,,,,
E071,Company A,Sales,Stable Specialist,1,70.13,45.0,20.0,98.0,31.0,93.0,38.0,11.0,0.6,,,,,,,
E071,Company A,Sales,Stable Specialist,2,70.41,45.0,20.0,98.0,31.0,93.0,38.0,11.0,0.6,,,,,,,
E071,Company A,Sales,Stable Specialist,3,77.04,45.0,20.0,98.0,31.0,93.0,38.0,11.0,0.6,,,,,,,
E071,Company A,Sales,Stable Specialist,4,78.17,45.0,20.0,98.0,31.0,93.0,38.0,11.0,0.6,,,,,,,
E071,Company A,Sales,Stable Specialist,5,81.65,45.0,20.0,98.0,31.0,93.0,38.0,11.0,0.6,,,,,,,
E071,Company A,Sales,Stable Specialist,6,87.11,45.0,20.0,98.0,31.0,93.0,38.0,11.0,0.6,,,,,,,
E072,Company A,Marketing,Declining,-6,75.32,42.0,36.0,60.0,96.0,55.0,2.0,62.0,0.1,,,,,,,
E072,Company A,Marketing,Declining,-5,76.67,42.0,36.0,60.0,96.0,55.0,2.0,62.0,0.1,,,,,,,
E072,Company A,Marketing,Declining,-4,79.07,42.0,36.0,60.0,96.0,55.0,2.0,62.0,0.1,,,,,,,
E072,Company A,Marketing,Declining,-3,77.44,42.0,36.0,60.0,96.0,55.0,2.0,62.0,0.1,,,,,,,
E072,Company A,Marketing,Declining,-2,74.62,42.0,36.0,60.0,96.0,55.0,2.0,62.0,0.1,,,,,,,
E072,Company A,Marketing,Declining,-1,78.22,42.0,36.0,60.0,96.0,55.0,2.0,62.0,0.1,,,,,,,
E072,Company A,Marketing,Declining,0,59.76,42.0,36.0,60.0,96.0,55.0,2.0,62.0,0.1,,,,,,,
E072,Company A,Marketing,Declining,1,57.52,42.0,36.0,60.0,96.0,55.0,2.0,62.0,0.1,,,,,,,
E072,Company A,Marketing,Declining,2,59.45,42.0,36.0,60.0,96.0,55.0,2.0,62.0,0.1,,,,,,,
E072,Company A,Marketing,Declining,3,58.73,42.0,36.0,60.0,96.0,55.0,2.0,62.0,0.1,,,,,,,
E072,Company A,Marketing,Declining,4,57.85,42.0,36.0,60.0,96.0,55.0,2.0,62.0,0.1,,,,,,,
E072,Company A,Marketing,Declining,5,55.66,42.0,36.0,60.0,96.0,55.0,2.0,62.0,0.1,,,,,,,
E072,Company A,Marketing,Declining,6,60.4,42.0,36.0,60.0,96.0,55.0,2.0,62.0,0.1,,,,,,,
E073,Company A,Operations,Stable Specialist,-6,85.68,65.0,40.0,12.0,8.0,35.0,85.0,89.0,0.6,,,,,,,
E073,Company A,Operations,Stable Specialist,-5,86.59,65.0,40.0,12.0,8.0,35.0,85.0,89.0,0.6,,,,,,,
E073,Company A,Operations,Stable Specialist,-4,87.28,65.0,40.0,12.0,8.0,35.0,85.0,89.0,0.6,,,,,,,
E073,Company A,Operations,Stable Specialist,-3,86.31,65.0,40.0,12.0,8.0,35.0,85.0,89.0,0.6,,,,,,,
E073,Company A,Operations,Stable Specialist,-2,85.99,65.0,40.0,12.0,8.0,35.0,85.0,89.0,0.6,,,,,,,
E073,Company A,Operations,Stable Specialist,-1,85.5,65.0,40.0,12.0,8.0,35.0,85.0,89.0,0.6,,,,,,,
E073,Company A,Operations,Stable Specialist,0,60.68,65.0,40.0,12.0,8.0,35.0,85.0,89.0,0.6,,,,,,,
E073,Company A,Operations,Stable Specialist,1,70.24,65.0,40.0,12.0,8.0,35.0,85.0,89.0,0.6,,,,,,,
E073,Company A,Operations,Stable Specialist,2,72.37,65.0,40.0,12.0,8.0,35.0,85.0,89.0,0.6,,,,,,,
E073,Company A,Operations,Stable Specialist,3,80.1,65.0,40.0,12.0,8.0,35.0,85.0,89.0,0.6,,,,,,,
E073,Company A,Operations,Stable Specialist,4,82.35,65.0,40.0,12.0,8.0,35.0,85.0,89.0,0.6,,,,,,,
E073,Company A,Operations,Stable Specialist,5,83.63,65.0,40.0,12.0,8.0,35.0,85.0,89.0,0.6,,,,,,,
E073,Company A,Operations,Stable Specialist,6,87.26,65.0,40.0,12.0,8.0,35.0,85.0,89.0,0.6,,,,,,,
E074,Company A,Sales,Vulnerable,-6,90.1,73.0,37.0,45.0,3.0,59.0,56.0,44.0,0.25,,,,,,,
E074,Company A,Sales,Vulnerable,-5,96.2,73.0,37.0,45.0,3.0,59.0,56.0,44.0,0.25,,,,,,,
E074,Company A,Sales,Vulnerable,-4,91.18,73.0,37.0,45.0,3.0,59.0,56.0,44.0,0.25,,,,,,,
E074,Company A,Sales,Vulnerable,-3,92.02,73.0,37.0,45.0,3.0,59.0,56.0,44.0,0.25,,,,,,,
E074,Company A,Sales,Vulnerable,-2,90.39,73.0,37.0,45.0,3.0,59.0,56.0,44.0,0.25,,,,,,,
E074,Company A,Sales,Vulnerable,-1,95.49,73.0,37.0,45.0,3.0,59.0,56.0,44.0,0.25,,,,,,,
E074,Company A,Sales,Vulnerable,0,79.96,73.0,37.0,45.0,3.0,59.0,56.0,44.0,0.25,,,,,,,
E074,Company A,Sales,Vulnerable,1,81.14,73.0,37.0,45.0,3.0,59.0,56.0,44.0,0.25,,,,,,,
E074,Company A,Sales,Vulnerable,2,81.48,73.0,37.0,45.0,3.0,59.0,56.0,44.0,0.25,,,,,,,
E074,Company A,Sales,Vulnerable,3,80.01,73.0,37.0,45.0,3.0,59.0,56.0,44.0,0.25,,,,,,,
E074,Company A,Sales,Vulnerable,4,84.6,73.0,37.0,45.0,3.0,59.0,56.0,44.0,0.25,,,,,,,
E074,Company A,Sales,Vulnerable,5,84.62,73.0,37.0,45.0,3.0,59.0,56.0,44.0,0.25,,,,,,,
E074,Company A,Sales,Vulnerable,6,88.95,73.0,37.0,45.0,3.0,59.0,56.0,44.0,0.25,,,,,,,
E075,Company A,Sales,Delayed Adaptor,-6,82.58,29.0,57.0,30.0,99.0,63.0,18.0,47.0,0.5,,,,,,,
E075,Company A,Sales,Delayed Adaptor,-5,81.43,29.0,57.0,30.0,99.0,63.0,18.0,47.0,0.5,,,,,,,
E075,Company A,Sales,Delayed Adaptor,-4,84.75,29.0,57.0,30.0,99.0,63.0,18.0,47.0,0.5,,,,,,,
E075,Company A,Sales,Delayed Adaptor,-3,82.02,29.0,57.0,30.0,99.0,63.0,18.0,47.0,0.5,,,,,,,
E075,Company A,Sales,Delayed Adaptor,-2,82.84,29.0,57.0,30.0,99.0,63.0,18.0,47.0,0.5,,,,,,,
E075,Company A,Sales,Delayed Adaptor,-1,84.42,29.0,57.0,30.0,99.0,63.0,18.0,47.0,0.5,,,,,,,
E075,Company A,Sales,Delayed Adaptor,0,71.83,29.0,57.0,30.0,99.0,63.0,18.0,47.0,0.5,,,,,,,
E075,Company A,Sales,Delayed Adaptor,1,71.04,29.0,57.0,30.0,99.0,63.0,18.0,47.0,0.5,,,,,,,
E075,Company A,Sales,Delayed Adaptor,2,77.38,29.0,57.0,30.0,99.0,63.0,18.0,47.0,0.5,,,,,,,
E075,Company A,Sales,Delayed Adaptor,3,78.59,29.0,57.0,30.0,99.0,63.0,18.0,47.0,0.5,,,,,,,
E075,Company A,Sales,Delayed Adaptor,4,77.93,29.0,57.0,30.0,99.0,63.0,18.0,47.0,0.5,,,,,,,
E075,Company A,Sales,Delayed Adaptor,5,79.85,29.0,57.0,30.0,99.0,63.0,18.0,47.0,0.5,,,,,,,
E075,Company A,Sales,Delayed Adaptor,6,84.89,29.0,57.0,30.0,99.0,63.0,18.0,47.0,0.5,,,,,,,
E076,Company A,Sales,Rapid Adaptor,-6,81.74,49.0,2.0,76.0,93.0,69.0,80.0,50.0,0.8,,,,,,,
E076,Company A,Sales,Rapid Adaptor,-5,81.39,49.0,2.0,76.0,93.0,69.0,80.0,50.0,0.8,,,,,,,
E076,Company A,Sales,Rapid Adaptor,-4,82.93,49.0,2.0,76.0,93.0,69.0,80.0,50.0,0.8,,,,,,,
E076,Company A,Sales,Rapid Adaptor,-3,81.74,49.0,2.0,76.0,93.0,69.0,80.0,50.0,0.8,,,,,,,
E076,Company A,Sales,Rapid Adaptor,-2,84.91,49.0,2.0,76.0,93.0,69.0,80.0,50.0,0.8,,,,,,,
E076,Company A,Sales,Rapid Adaptor,-1,79.9,49.0,2.0,76.0,93.0,69.0,80.0,50.0,0.8,,,,,,,
E076,Company A,Sales,Rapid Adaptor,0,72.2,49.0,2.0,76.0,93.0,69.0,80.0,50.0,0.8,,,,,,,
E076,Company A,Sales,Rapid Adaptor,1,77.13,49.0,2.0,76.0,93.0,69.0,80.0,50.0,0.8,,,,,,,
E076,Company A,Sales,Rapid Adaptor,2,80.38,49.0,2.0,76.0,93.0,69.0,80.0,50.0,0.8,,,,,,,
E076,Company A,Sales,Rapid Adaptor,3,79.81,49.0,2.0,76.0,93.0,69.0,80.0,50.0,0.8,,,,,,,
E076,Company A,Sales,Rapid Adaptor,4,89.64,49.0,2.0,76.0,93.0,69.0,80.0,50.0,0.8,,,,,,,
E076,Company A,Sales,Rapid Adaptor,5,96.18,49.0,2.0,76.0,93.0,69.0,80.0,50.0,0.8,,,,,,,
E076,Company A,Sales,Rapid Adaptor,6,100.0,49.0,2.0,76.0,93.0,69.0,80.0,50.0,0.8,,,,,,,
E077,Company A,Sales,Resilient,-6,75.36,30.0,83.0,23.0,88.0,35.0,84.0,29.0,0.9,,,,,,,
E077,Company A,Sales,Resilient,-5,76.62,30.0,83.0,23.0,88.0,35.0,84.0,29.0,0.9,,,,,,,
E077,Company A,Sales,Resilient,-4,77.24,30.0,83.0,23.0,88.0,35.0,84.0,29.0,0.9,,,,,,,
E077,Company A,Sales,Resilient,-3,79.07,30.0,83.0,23.0,88.0,35.0,84.0,29.0,0.9,,,,,,,
E077,Company A,Sales,Resilient,-2,76.27,30.0,83.0,23.0,88.0,35.0,84.0,29.0,0.9,,,,,,,
E077,Company A,Sales,Resilient,-1,75.31,30.0,83.0,23.0,88.0,35.0,84.0,29.0,0.9,,,,,,,
E077,Company A,Sales,Resilient,0,66.38,30.0,83.0,23.0,88.0,35.0,84.0,29.0,0.9,,,,,,,
E077,Company A,Sales,Resilient,1,74.48,30.0,83.0,23.0,88.0,35.0,84.0,29.0,0.9,,,,,,,
E077,Company A,Sales,Resilient,2,81.46,30.0,83.0,23.0,88.0,35.0,84.0,29.0,0.9,,,,,,,
E077,Company A,Sales,Resilient,3,79.8,30.0,83.0,23.0,88.0,35.0,84.0,29.0,0.9,,,,,,,
E077,Company A,Sales,Resilient,4,85.26,30.0,83.0,23.0,88.0,35.0,84.0,29.0,0.9,,,,,,,
E077,Company A,Sales,Resilient,5,92.14,30.0,83.0,23.0,88.0,35.0,84.0,29.0,0.9,,,,,,,
E077,Company A,Sales,Resilient,6,97.72,30.0,83.0,23.0,88.0,35.0,84.0,29.0,0.9,,,,,,,
E078,Company A,HR,Vulnerable,-6,79.95,41.0,25.0,13.0,56.0,36.0,57.0,20.0,0.25,,,,,,,
E078,Company A,HR,Vulnerable,-5,83.05,41.0,25.0,13.0,56.0,36.0,57.0,20.0,0.25,,,,,,,
E078,Company A,HR,Vulnerable,-4,79.75,41.0,25.0,13.0,56.0,36.0,57.0,20.0,0.25,,,,,,,
E078,Company A,HR,Vulnerable,-3,83.39,41.0,25.0,13.0,56.0,36.0,57.0,20.0,0.25,,,,,,,
E078,Company A,HR,Vulnerable,-2,82.39,41.0,25.0,13.0,56.0,36.0,57.0,20.0,0.25,,,,,,,
E078,Company A,HR,Vulnerable,-1,79.23,41.0,25.0,13.0,56.0,36.0,57.0,20.0,0.25,,,,,,,
E078,Company A,HR,Vulnerable,0,64.84,41.0,25.0,13.0,56.0,36.0,57.0,20.0,0.25,,,,,,,
E078,Company A,HR,Vulnerable,1,63.22,41.0,25.0,13.0,56.0,36.0,57.0,20.0,0.25,,,,,,,
E078,Company A,HR,Vulnerable,2,65.25,41.0,25.0,13.0,56.0,36.0,57.0,20.0,0.25,,,,,,,
E078,Company A,HR,Vulnerable,3,69.46,41.0,25.0,13.0,56.0,36.0,57.0,20.0,0.25,,,,,,,
E078,Company A,HR,Vulnerable,4,73.54,41.0,25.0,13.0,56.0,36.0,57.0,20.0,0.25,,,,,,,
E078,Company A,HR,Vulnerable,5,71.39,41.0,25.0,13.0,56.0,36.0,57.0,20.0,0.25,,,,,,,
E078,Company A,HR,Vulnerable,6,75.73,41.0,25.0,13.0,56.0,36.0,57.0,20.0,0.25,,,,,,,
E079,Company A,HR,Declining,-6,86.65,48.0,16.0,97.0,69.0,69.0,97.0,64.0,0.1,,,,,,,
E079,Company A,HR,Declining,-5,84.84,48.0,16.0,97.0,69.0,69.0,97.0,64.0,0.1,,,,,,,
E079,Company A,HR,Declining,-4,88.38,48.0,16.0,97.0,69.0,69.0,97.0,64.0,0.1,,,,,,,
E079,Company A,HR,Declining,-3,90.35,48.0,16.0,97.0,69.0,69.0,97.0,64.0,0.1,,,,,,,
E079,Company A,HR,Declining,-2,86.56,48.0,16.0,97.0,69.0,69.0,97.0,64.0,0.1,,,,,,,
E079,Company A,HR,Declining,-1,88.97,48.0,16.0,97.0,69.0,69.0,97.0,64.0,0.1,,,,,,,
E079,Company A,HR,Declining,0,66.34,48.0,16.0,97.0,69.0,69.0,97.0,64.0,0.1,,,,,,,
E079,Company A,HR,Declining,1,66.32,48.0,16.0,97.0,69.0,69.0,97.0,64.0,0.1,,,,,,,
E079,Company A,HR,Declining,2,64.49,48.0,16.0,97.0,69.0,69.0,97.0,64.0,0.1,,,,,,,
E079,Company A,HR,Declining,3,61.06,48.0,16.0,97.0,69.0,69.0,97.0,64.0,0.1,,,,,,,
E079,Company A,HR,Declining,4,64.45,48.0,16.0,97.0,69.0,69.0,97.0,64.0,0.1,,,,,,,
E079,Company A,HR,Declining,5,63.98,48.0,16.0,97.0,69.0,69.0,97.0,64.0,0.1,,,,,,,
E079,Company A,HR,Declining,6,65.05,48.0,16.0,97.0,69.0,69.0,97.0,64.0,0.1,,,,,,,
E080,Company A,IT,Vulnerable,-6,84.03,78.0,85.0,91.0,13.0,26.0,39.0,57.0,0.25,,,,,,,
E080,Company A,IT,Vulnerable,-5,79.08,78.0,85.0,91.0,13.0,26.0,39.0,57.0,0.25,,,,,,,
E080,Company A,IT,Vulnerable,-4,81.09,78.0,85.0,91.0,13.0,26.0,39.0,57.0,0.25,,,,,,,
E080,Company A,IT,Vulnerable,-3,78.29,78.0,85.0,91.0,13.0,26.0,39.0,57.0,0.25,,,,,,,
E080,Company A,IT,Vulnerable,-2,79.01,78.0,85.0,91.0,13.0,26.0,39.0,57.0,0.25,,,,,,,
E080,Company A,IT,Vulnerable,-1,83.39,78.0,85.0,91.0,13.0,26.0,39.0,57.0,0.25,,,,,,,
E080,Company A,IT,Vulnerable,0,54.14,78.0,85.0,91.0,13.0,26.0,39.0,57.0,0.25,,,,,,,
E080,Company A,IT,Vulnerable,1,54.96,78.0,85.0,91.0,13.0,26.0,39.0,57.0,0.25,,,,,,,
E080,Company A,IT,Vulnerable,2,53.82,78.0,85.0,91.0,13.0,26.0,39.0,57.0,0.25,,,,,,,
E080,Company A,IT,Vulnerable,3,57.96,78.0,85.0,91.0,13.0,26.0,39.0,57.0,0.25,,,,,,,
E080,Company A,IT,Vulnerable,4,60.68,78.0,85.0,91.0,13.0,26.0,39.0,57.0,0.25,,,,,,,
E080,Company A,IT,Vulnerable,5,59.89,78.0,85.0,91.0,13.0,26.0,39.0,57.0,0.25,,,,,,,
E080,Company A,IT,Vulnerable,6,63.58,78.0,85.0,91.0,13.0,26.0,39.0,57.0,0.25,,,,,,,
E081,Company A,IT,Delayed Adaptor,-6,66.8,40.0,35.0,100.0,84.0,71.0,54.0,8.0,0.5,,,,,,,
E081,Company A,IT,Delayed Adaptor,-5,64.75,40.0,35.0,100.0,84.0,71.0,54.0,8.0,0.5,,,,,,,
E081,Company A,IT,Delayed Adaptor,-4,67.42,40.0,35.0,100.0,84.0,71.0,54.0,8.0,0.5,,,,,,,
E081,Company A,IT,Delayed Adaptor,-3,69.15,40.0,35.0,100.0,84.0,71.0,54.0,8.0,0.5,,,,,,,
E081,Company A,IT,Delayed Adaptor,-2,68.5,40.0,35.0,100.0,84.0,71.0,54.0,8.0,0.5,,,,,,,
E081,Company A,IT,Delayed Adaptor,-1,68.85,40.0,35.0,100.0,84.0,71.0,54.0,8.0,0.5,,,,,,,
E081,Company A,IT,Delayed Adaptor,0,48.43,40.0,35.0,100.0,84.0,71.0,54.0,8.0,0.5,,,,,,,
E081,Company A,IT,Delayed Adaptor,1,51.66,40.0,35.0,100.0,84.0,71.0,54.0,8.0,0.5,,,,,,,
E081,Company A,IT,Delayed Adaptor,2,56.06,40.0,35.0,100.0,84.0,71.0,54.0,8.0,0.5,,,,,,,
E081,Company A,IT,Delayed Adaptor,3,56.91,40.0,35.0,100.0,84.0,71.0,54.0,8.0,0.5,,,,,,,
E081,Company A,IT,Delayed Adaptor,4,59.88,40.0,35.0,100.0,84.0,71.0,54.0,8.0,0.5,,,,,,,
E081,Company A,IT,Delayed Adaptor,5,64.41,40.0,35.0,100.0,84.0,71.0,54.0,8.0,0.5,,,,,,,
E081,Company A,IT,Delayed Adaptor,6,68.24,40.0,35.0,100.0,84.0,71.0,54.0,8.0,0.5,,,,,,,
E082,Company A,Marketing,Declining,-6,87.63,18.0,31.0,8.0,11.0,10.0,45.0,15.0,0.1,,,,,,,
E082,Company A,Marketing,Declining,-5,87.76,18.0,31.0,8.0,11.0,10.0,45.0,15.0,0.1,,,,,,,
E082,Company A,Marketing,Declining,-4,85.79,18.0,31.0,8.0,11.0,10.0,45.0,15.0,0.1,,,,,,,
E082,Company A,Marketing,Declining,-3,87.8,18.0,31.0,8.0,11.0,10.0,45.0,15.0,0.1,,,,,,,
E082,Company A,Marketing,Declining,-2,85.48,18.0,31.0,8.0,11.0,10.0,45.0,15.0,0.1,,,,,,,
E082,Company A,Marketing,Declining,-1,86.02,18.0,31.0,8.0,11.0,10.0,45.0,15.0,0.1,,,,,,,
E082,Company A,Marketing,Declining,0,77.61,18.0,31.0,8.0,11.0,10.0,45.0,15.0,0.1,,,,,,,
E082,Company A,Marketing,Declining,1,77.78,18.0,31.0,8.0,11.0,10.0,45.0,15.0,0.1,,,,,,,
E082,Company A,Marketing,Declining,2,77.75,18.0,31.0,8.0,11.0,10.0,45.0,15.0,0.1,,,,,,,
E082,Company A,Marketing,Declining,3,76.09,18.0,31.0,8.0,11.0,10.0,45.0,15.0,0.1,,,,,,,
E082,Company A,Marketing,Declining,4,77.29,18.0,31.0,8.0,11.0,10.0,45.0,15.0,0.1,,,,,,,
E082,Company A,Marketing,Declining,5,80.56,18.0,31.0,8.0,11.0,10.0,45.0,15.0,0.1,,,,,,,
E082,Company A,Marketing,Declining,6,82.18,18.0,31.0,8.0,11.0,10.0,45.0,15.0,0.1,,,,,,,
E083,Company A,Finance,Stable Specialist,-6,78.63,75.0,91.0,29.0,89.0,20.0,27.0,89.0,0.6,,,,,,,
E083,Company A,Finance,Stable Specialist,-5,78.58,75.0,91.0,29.0,89.0,20.0,27.0,89.0,0.6,,,,,,,
E083,Company A,Finance,Stable Specialist,-4,77.52,75.0,91.0,29.0,89.0,20.0,27.0,89.0,0.6,,,,,,,
E083,Company A,Finance,Stable Specialist,-3,82.59,75.0,91.0,29.0,89.0,20.0,27.0,89.0,0.6,,,,,,,
E083,Company A,Finance,Stable Specialist,-2,78.72,75.0,91.0,29.0,89.0,20.0,27.0,89.0,0.6,,,,,,,
E083,Company A,Finance,Stable Specialist,-1,81.8,75.0,91.0,29.0,89.0,20.0,27.0,89.0,0.6,,,,,,,
E083,Company A,Finance,Stable Specialist,0,72.12,75.0,91.0,29.0,89.0,20.0,27.0,89.0,0.6,,,,,,,
E083,Company A,Finance,Stable Specialist,1,73.98,75.0,91.0,29.0,89.0,20.0,27.0,89.0,0.6,,,,,,,
E083,Company A,Finance,Stable Specialist,2,74.03,75.0,91.0,29.0,89.0,20.0,27.0,89.0,0.6,,,,,,,
E083,Company A,Finance,Stable Specialist,3,78.6,75.0,91.0,29.0,89.0,20.0,27.0,89.0,0.6,,,,,,,
E083,Company A,Finance,Stable Specialist,4,80.65,75.0,91.0,29.0,89.0,20.0,27.0,89.0,0.6,,,,,,,
E083,Company A,Finance,Stable Specialist,5,81.8,75.0,91.0,29.0,89.0,20.0,27.0,89.0,0.6,,,,,,,
E083,Company A,Finance,Stable Specialist,6,87.16,75.0,91.0,29.0,89.0,20.0,27.0,89.0,0.6,,,,,,,
E084,Company A,HR,Delayed Adaptor,-6,87.61,46.0,38.0,69.0,72.0,19.0,0.0,71.0,0.5,,,,,,,
E084,Company A,HR,Delayed Adaptor,-5,87.17,46.0,38.0,69.0,72.0,19.0,0.0,71.0,0.5,,,,,,,
E084,Company A,HR,Delayed Adaptor,-4,85.94,46.0,38.0,69.0,72.0,19.0,0.0,71.0,0.5,,,,,,,
E084,Company A,HR,Delayed Adaptor,-3,91.28,46.0,38.0,69.0,72.0,19.0,0.0,71.0,0.5,,,,,,,
E084,Company A,HR,Delayed Adaptor,-2,87.33,46.0,38.0,69.0,72.0,19.0,0.0,71.0,0.5,,,,,,,
E084,Company A,HR,Delayed Adaptor,-1,87.97,46.0,38.0,69.0,72.0,19.0,0.0,71.0,0.5,,,,,,,
E084,Company A,HR,Delayed Adaptor,0,78.33,46.0,38.0,69.0,72.0,19.0,0.0,71.0,0.5,,,,,,,
E084,Company A,HR,Delayed Adaptor,1,81.51,46.0,38.0,69.0,72.0,19.0,0.0,71.0,0.5,,,,,,,
E084,Company A,HR,Delayed Adaptor,2,85.66,46.0,38.0,69.0,72.0,19.0,0.0,71.0,0.5,,,,,,,
E084,Company A,HR,Delayed Adaptor,3,86.63,46.0,38.0,69.0,72.0,19.0,0.0,71.0,0.5,,,,,,,
E084,Company A,HR,Delayed Adaptor,4,88.34,46.0,38.0,69.0,72.0,19.0,0.0,71.0,0.5,,,,,,,
E084,Company A,HR,Delayed Adaptor,5,91.21,46.0,38.0,69.0,72.0,19.0,0.0,71.0,0.5,,,,,,,
E084,Company A,HR,Delayed Adaptor,6,95.9,46.0,38.0,69.0,72.0,19.0,0.0,71.0,0.5,,,,,,,
E085,Company A,Operations,Declining,-6,66.56,77.0,83.0,24.0,39.0,87.0,13.0,25.0,0.1,,,,,,,
E085,Company A,Operations,Declining,-5,66.8,77.0,83.0,24.0,39.0,87.0,13.0,25.0,0.1,,,,,,,
E085,Company A,Operations,Declining,-4,68.91,77.0,83.0,24.0,39.0,87.0,13.0,25.0,0.1,,,,,,,
E085,Company A,Operations,Declining,-3,65.93,77.0,83.0,24.0,39.0,87.0,13.0,25.0,0.1,,,,,,,
E085,Company A,Operations,Declining,-2,69.26,77.0,83.0,24.0,39.0,87.0,13.0,25.0,0.1,,,,,,,
E085,Company A,Operations,Declining,-1,63.24,77.0,83.0,24.0,39.0,87.0,13.0,25.0,0.1,,,,,,,
E085,Company A,Operations,Declining,0,45.02,77.0,83.0,24.0,39.0,87.0,13.0,25.0,0.1,,,,,,,
E085,Company A,Operations,Declining,1,40.25,77.0,83.0,24.0,39.0,87.0,13.0,25.0,0.1,,,,,,,
E085,Company A,Operations,Declining,2,40.62,77.0,83.0,24.0,39.0,87.0,13.0,25.0,0.1,,,,,,,
E085,Company A,Operations,Declining,3,41.12,77.0,83.0,24.0,39.0,87.0,13.0,25.0,0.1,,,,,,,
E085,Company A,Operations,Declining,4,41.09,77.0,83.0,24.0,39.0,87.0,13.0,25.0,0.1,,,,,,,
E085,Company A,Operations,Declining,5,41.87,77.0,83.0,24.0,39.0,87.0,13.0,25.0,0.1,,,,,,,
E085,Company A,Operations,Declining,6,40.72,77.0,83.0,24.0,39.0,87.0,13.0,25.0,0.1,,,,,,,
E086,Company A,IT,Stable Specialist,-6,87.4,58.0,77.0,93.0,40.0,67.0,67.0,91.0,0.6,,,,,,,
E086,Company A,IT,Stable Specialist,-5,87.4,58.0,77.0,93.0,40.0,67.0,67.0,91.0,0.6,,,,,,,
E086,Company A,IT,Stable Specialist,-4,86.03,58.0,77.0,93.0,40.0,67.0,67.0,91.0,0.6,,,,,,,
E086,Company A,IT,Stable Specialist,-3,87.07,58.0,77.0,93.0,40.0,67.0,67.0,91.0,0.6,,,,,,,
E086,Company A,IT,Stable Specialist,-2,84.3,58.0,77.0,93.0,40.0,67.0,67.0,91.0,0.6,,,,,,,
E086,Company A,IT,Stable Specialist,-1,85.77,58.0,77.0,93.0,40.0,67.0,67.0,91.0,0.6,,,,,,,
E086,Company A,IT,Stable Specialist,0,69.39,58.0,77.0,93.0,40.0,67.0,67.0,91.0,0.6,,,,,,,
E086,Company A,IT,Stable Specialist,1,71.76,58.0,77.0,93.0,40.0,67.0,67.0,91.0,0.6,,,,,,,
E086,Company A,IT,Stable Specialist,2,76.21,58.0,77.0,93.0,40.0,67.0,67.0,91.0,0.6,,,,,,,
E086,Company A,IT,Stable Specialist,3,79.75,58.0,77.0,93.0,40.0,67.0,67.0,91.0,0.6,,,,,,,
E086,Company A,IT,Stable Specialist,4,84.29,58.0,77.0,93.0,40.0,67.0,67.0,91.0,0.6,,,,,,,
E086,Company A,IT,Stable Specialist,5,85.4,58.0,77.0,93.0,40.0,67.0,67.0,91.0,0.6,,,,,,,
E086,Company A,IT,Stable Specialist,6,89.07,58.0,77.0,93.0,40.0,67.0,67.0,91.0,0.6,,,,,,,
E087,Company A,Finance,Stable Specialist,-6,73.64,25.0,51.0,92.0,21.0,20.0,50.0,37.0,0.6,,,,,,,
E087,Company A,Finance,Stable Specialist,-5,72.31,25.0,51.0,92.0,21.0,20.0,50.0,37.0,0.6,,,,,,,
E087,Company A,Finance,Stable Specialist,-4,68.95,25.0,51.0,92.0,21.0,20.0,50.0,37.0,0.6,,,,,,,
E087,Company A,Finance,Stable Specialist,-3,71.66,25.0,51.0,92.0,21.0,20.0,50.0,37.0,0.6,,,,,,,
E087,Company A,Finance,Stable Specialist,-2,70.47,25.0,51.0,92.0,21.0,20.0,50.0,37.0,0.6,,,,,,,
E087,Company A,Finance,Stable Specialist,-1,76.5,25.0,51.0,92.0,21.0,20.0,50.0,37.0,0.6,,,,,,,
E087,Company A,Finance,Stable Specialist,0,60.45,25.0,51.0,92.0,21.0,20.0,50.0,37.0,0.6,,,,,,,
E087,Company A,Finance,Stable Specialist,1,65.15,25.0,51.0,92.0,21.0,20.0,50.0,37.0,0.6,,,,,,,
E087,Company A,Finance,Stable Specialist,2,70.1,25.0,51.0,92.0,21.0,20.0,50.0,37.0,0.6,,,,,,,
E087,Company A,Finance,Stable Specialist,3,73.18,25.0,51.0,92.0,21.0,20.0,50.0,37.0,0.6,,,,,,,
E087,Company A,Finance,Stable Specialist,4,80.59,25.0,51.0,92.0,21.0,20.0,50.0,37.0,0.6,,,,,,,
E087,Company A,Finance,Stable Specialist,5,80.05,25.0,51.0,92.0,21.0,20.0,50.0,37.0,0.6,,,,,,,
E087,Company A,Finance,Stable Specialist,6,85.78,25.0,51.0,92.0,21.0,20.0,50.0,37.0,0.6,,,,,,,
E088,Company A,Finance,Stable Specialist,-6,80.38,64.0,56.0,92.0,98.0,39.0,13.0,34.0,0.6,,,,,,,
E088,Company A,Finance,Stable Specialist,-5,87.57,64.0,56.0,92.0,98.0,39.0,13.0,34.0,0.6,,,,,,,
E088,Company A,Finance,Stable Specialist,-4,90.37,64.0,56.0,92.0,98.0,39.0,13.0,34.0,0.6,,,,,,,
E088,Company A,Finance,Stable Specialist,-3,86.24,64.0,56.0,92.0,98.0,39.0,13.0,34.0,0.6,,,,,,,
E088,Company A,Finance,Stable Specialist,-2,86.22,64.0,56.0,92.0,98.0,39.0,13.0,34.0,0.6,,,,,,,
E088,Company A,Finance,Stable Specialist,-1,85.03,64.0,56.0,92.0,98.0,39.0,13.0,34.0,0.6,,,,,,,
E088,Company A,Finance,Stable Specialist,0,65.47,64.0,56.0,92.0,98.0,39.0,13.0,34.0,0.6,,,,,,,
E088,Company A,Finance,Stable Specialist,1,68.73,64.0,56.0,92.0,98.0,39.0,13.0,34.0,0.6,,,,,,,
E088,Company A,Finance,Stable Specialist,2,73.56,64.0,56.0,92.0,98.0,39.0,13.0,34.0,0.6,,,,,,,
E088,Company A,Finance,Stable Specialist,3,75.75,64.0,56.0,92.0,98.0,39.0,13.0,34.0,0.6,,,,,,,
E088,Company A,Finance,Stable Specialist,4,79.11,64.0,56.0,92.0,98.0,39.0,13.0,34.0,0.6,,,,,,,
E088,Company A,Finance,Stable Specialist,5,83.57,64.0,56.0,92.0,98.0,39.0,13.0,34.0,0.6,,,,,,,
E088,Company A,Finance,Stable Specialist,6,83.32,64.0,56.0,92.0,98.0,39.0,13.0,34.0,0.6,,,,,,,
E089,Company A,Finance,Stable Specialist,-6,72.49,58.0,38.0,54.0,40.0,38.0,12.0,63.0,0.6,,,,,,,
E089,Company A,Finance,Stable Specialist,-5,71.04,58.0,38.0,54.0,40.0,38.0,12.0,63.0,0.6,,,,,,,
E089,Company A,Finance,Stable Specialist,-4,70.08,58.0,38.0,54.0,40.0,38.0,12.0,63.0,0.6,,,,,,,
E089,Company A,Finance,Stable Specialist,-3,75.46,58.0,38.0,54.0,40.0,38.0,12.0,63.0,0.6,,,,,,,
E089,Company A,Finance,Stable Specialist,-2,73.43,58.0,38.0,54.0,40.0,38.0,12.0,63.0,0.6,,,,,,,
E089,Company A,Finance,Stable Specialist,-1,75.34,58.0,38.0,54.0,40.0,38.0,12.0,63.0,0.6,,,,,,,
E089,Company A,Finance,Stable Specialist,0,64.07,58.0,38.0,54.0,40.0,38.0,12.0,63.0,0.6,,,,,,,
E089,Company A,Finance,Stable Specialist,1,66.11,58.0,38.0,54.0,40.0,38.0,12.0,63.0,0.6,,,,,,,
E089,Company A,Finance,Stable Specialist,2,66.44,58.0,38.0,54.0,40.0,38.0,12.0,63.0,0.6,,,,,,,
E089,Company A,Finance,Stable Specialist,3,71.07,58.0,38.0,54.0,40.0,38.0,12.0,63.0,0.6,,,,,,,
E089,Company A,Finance,Stable Specialist,4,72.81,58.0,38.0,54.0,40.0,38.0,12.0,63.0,0.6,,,,,,,
E089,Company A,Finance,Stable Specialist,5,75.88,58.0,38.0,54.0,40.0,38.0,12.0,63.0,0.6,,,,,,,
E089,Company A,Finance,Stable Specialist,6,81.24,58.0,38.0,54.0,40.0,38.0,12.0,63.0,0.6,,,,,,,
E090,Company A,Sales,Vulnerable,-6,87.13,18.0,27.0,39.0,83.0,96.0,75.0,14.0,0.25,,,,,,,
E090,Company A,Sales,Vulnerable,-5,86.78,18.0,27.0,39.0,83.0,96.0,75.0,14.0,0.25,,,,,,,
E090,Company A,Sales,Vulnerable,-4,86.77,18.0,27.0,39.0,83.0,96.0,75.0,14.0,0.25,,,,,,,
E090,Company A,Sales,Vulnerable,-3,84.58,18.0,27.0,39.0,83.0,96.0,75.0,14.0,0.25,,,,,,,
E090,Company A,Sales,Vulnerable,-2,85.94,18.0,27.0,39.0,83.0,96.0,75.0,14.0,0.25,,,,,,,
E090,Company A,Sales,Vulnerable,-1,81.83,18.0,27.0,39.0,83.0,96.0,75.0,14.0,0.25,,,,,,,
E090,Company A,Sales,Vulnerable,0,61.54,18.0,27.0,39.0,83.0,96.0,75.0,14.0,0.25,,,,,,,
E090,Company A,Sales,Vulnerable,1,63.71,18.0,27.0,39.0,83.0,96.0,75.0,14.0,0.25,,,,,,,
E090,Company A,Sales,Vulnerable,2,61.94,18.0,27.0,39.0,83.0,96.0,75.0,14.0,0.25,,,,,,,
E090,Company A,Sales,Vulnerable,3,65.79,18.0,27.0,39.0,83.0,96.0,75.0,14.0,0.25,,,,,,,
E090,Company A,Sales,Vulnerable,4,70.03,18.0,27.0,39.0,83.0,96.0,75.0,14.0,0.25,,,,,,,
E090,Company A,Sales,Vulnerable,5,69.05,18.0,27.0,39.0,83.0,96.0,75.0,14.0,0.25,,,,,,,
E090,Company A,Sales,Vulnerable,6,71.05,18.0,27.0,39.0,83.0,96.0,75.0,14.0,0.25,,,,,,,
E091,Company A,IT,Vulnerable,-6,78.82,78.0,89.0,100.0,84.0,61.0,48.0,94.0,0.25,,,,,,,
E091,Company A,IT,Vulnerable,-5,78.76,78.0,89.0,100.0,84.0,61.0,48.0,94.0,0.25,,,,,,,
E091,Company A,IT,Vulnerable,-4,77.8,78.0,89.0,100.0,84.0,61.0,48.0,94.0,0.25,,,,,,,
E091,Company A,IT,Vulnerable,-3,78.51,78.0,89.0,100.0,84.0,61.0,48.0,94.0,0.25,,,,,,,
E091,Company A,IT,Vulnerable,-2,81.27,78.0,89.0,100.0,84.0,61.0,48.0,94.0,0.25,,,,,,,
E091,Company A,IT,Vulnerable,-1,79.26,78.0,89.0,100.0,84.0,61.0,48.0,94.0,0.25,,,,,,,
E091,Company A,IT,Vulnerable,0,55.14,78.0,89.0,100.0,84.0,61.0,48.0,94.0,0.25,,,,,,,
E091,Company A,IT,Vulnerable,1,58.58,78.0,89.0,100.0,84.0,61.0,48.0,94.0,0.25,,,,,,,
E091,Company A,IT,Vulnerable,2,61.47,78.0,89.0,100.0,84.0,61.0,48.0,94.0,0.25,,,,,,,
E091,Company A,IT,Vulnerable,3,59.55,78.0,89.0,100.0,84.0,61.0,48.0,94.0,0.25,,,,,,,
E091,Company A,IT,Vulnerable,4,59.32,78.0,89.0,100.0,84.0,61.0,48.0,94.0,0.25,,,,,,,
E091,Company A,IT,Vulnerable,5,67.66,78.0,89.0,100.0,84.0,61.0,48.0,94.0,0.25,,,,,,,
E091,Company A,IT,Vulnerable,6,61.83,78.0,89.0,100.0,84.0,61.0,48.0,94.0,0.25,,,,,,,
E092,Company A,Finance,Rapid Adaptor,-6,65.21,56.0,99.0,32.0,23.0,38.0,33.0,55.0,0.8,,,,,,,
E092,Company A,Finance,Rapid Adaptor,-5,66.96,56.0,99.0,32.0,23.0,38.0,33.0,55.0,0.8,,,,,,,
E092,Company A,Finance,Rapid Adaptor,-4,68.13,56.0,99.0,32.0,23.0,38.0,33.0,55.0,0.8,,,,,,,
E092,Company A,Finance,Rapid Adaptor,-3,62.57,56.0,99.0,32.0,23.0,38.0,33.0,55.0,0.8,,,,,,,
E092,Company A,Finance,Rapid Adaptor,-2,67.93,56.0,99.0,32.0,23.0,38.0,33.0,55.0,0.8,,,,,,,
E092,Company A,Finance,Rapid Adaptor,-1,68.14,56.0,99.0,32.0,23.0,38.0,33.0,55.0,0.8,,,,,,,
E092,Company A,Finance,Rapid Adaptor,0,61.6,56.0,99.0,32.0,23.0,38.0,33.0,55.0,0.8,,,,,,,
E092,Company A,Finance,Rapid Adaptor,1,65.87,56.0,99.0,32.0,23.0,38.0,33.0,55.0,0.8,,,,,,,
E092,Company A,Finance,Rapid Adaptor,2,68.13,56.0,99.0,32.0,23.0,38.0,33.0,55.0,0.8,,,,,,,
E092,Company A,Finance,Rapid Adaptor,3,75.41,56.0,99.0,32.0,23.0,38.0,33.0,55.0,0.8,,,,,,,
E092,Company A,Finance,Rapid Adaptor,4,80.93,56.0,99.0,32.0,23.0,38.0,33.0,55.0,0.8,,,,,,,
E092,Company A,Finance,Rapid Adaptor,5,81.4,56.0,99.0,32.0,23.0,38.0,33.0,55.0,0.8,,,,,,,
E092,Company A,Finance,Rapid Adaptor,6,86.66,56.0,99.0,32.0,23.0,38.0,33.0,55.0,0.8,,,,,,,
E093,Company A,Operations,Declining,-6,76.87,63.0,90.0,50.0,49.0,5.0,58.0,14.0,0.1,,,,,,,
E093,Company A,Operations,Declining,-5,76.12,63.0,90.0,50.0,49.0,5.0,58.0,14.0,0.1,,,,,,,
E093,Company A,Operations,Declining,-4,79.09,63.0,90.0,50.0,49.0,5.0,58.0,14.0,0.1,,,,,,,
E093,Company A,Operations,Declining,-3,76.0,63.0,90.0,50.0,49.0,5.0,58.0,14.0,0.1,,,,,,,
E093,Company A,Operations,Declining,-2,72.37,63.0,90.0,50.0,49.0,5.0,58.0,14.0,0.1,,,,,,,
E093,Company A,Operations,Declining,-1,77.2,63.0,90.0,50.0,49.0,5.0,58.0,14.0,0.1,,,,,,,
E093,Company A,Operations,Declining,0,56.65,63.0,90.0,50.0,49.0,5.0,58.0,14.0,0.1,,,,,,,
E093,Company A,Operations,Declining,1,54.54,63.0,90.0,50.0,49.0,5.0,58.0,14.0,0.1,,,,,,,
E093,Company A,Operations,Declining,2,56.04,63.0,90.0,50.0,49.0,5.0,58.0,14.0,0.1,,,,,,,
E093,Company A,Operations,Declining,3,53.28,63.0,90.0,50.0,49.0,5.0,58.0,14.0,0.1,,,,,,,
E093,Company A,Operations,Declining,4,55.68,63.0,90.0,50.0,49.0,5.0,58.0,14.0,0.1,,,,,,,
E093,Company A,Operations,Declining,5,59.87,63.0,90.0,50.0,49.0,5.0,58.0,14.0,0.1,,,,,,,
E093,Company A,Operations,Declining,6,50.58,63.0,90.0,50.0,49.0,5.0,58.0,14.0,0.1,,,,,,,
E094,Company A,Operations,Stable Specialist,-6,85.96,2.0,41.0,97.0,31.0,50.0,84.0,45.0,0.6,,,,,,,
E094,Company A,Operations,Stable Specialist,-5,84.81,2.0,41.0,97.0,31.0,50.0,84.0,45.0,0.6,,,,,,,
E094,Company A,Operations,Stable Specialist,-4,86.99,2.0,41.0,97.0,31.0,50.0,84.0,45.0,0.6,,,,,,,
E094,Company A,Operations,Stable Specialist,-3,85.05,2.0,41.0,97.0,31.0,50.0,84.0,45.0,0.6,,,,,,,
E094,Company A,Operations,Stable Specialist,-2,82.1,2.0,41.0,97.0,31.0,50.0,84.0,45.0,0.6,,,,,,,
E094,Company A,Operations,Stable Specialist,-1,83.42,2.0,41.0,97.0,31.0,50.0,84.0,45.0,0.6,,,,,,,
E094,Company A,Operations,Stable Specialist,0,70.09,2.0,41.0,97.0,31.0,50.0,84.0,45.0,0.6,,,,,,,
E094,Company A,Operations,Stable Specialist,1,73.19,2.0,41.0,97.0,31.0,50.0,84.0,45.0,0.6,,,,,,,
E094,Company A,Operations,Stable Specialist,2,76.28,2.0,41.0,97.0,31.0,50.0,84.0,45.0,0.6,,,,,,,
E094,Company A,Operations,Stable Specialist,3,75.28,2.0,41.0,97.0,31.0,50.0,84.0,45.0,0.6,,,,,,,
E094,Company A,Operations,Stable Specialist,4,77.78,2.0,41.0,97.0,31.0,50.0,84.0,45.0,0.6,,,,,,,
E094,Company A,Operations,Stable Specialist,5,82.6,2.0,41.0,97.0,31.0,50.0,84.0,45.0,0.6,,,,,,,
E094,Company A,Operations,Stable Specialist,6,88.67,2.0,41.0,97.0,31.0,50.0,84.0,45.0,0.6,,,,,,,
E095,Company A,Operations,Vulnerable,-6,80.79,35.0,18.0,63.0,90.0,97.0,10.0,53.0,0.25,,,,,,,
E095,Company A,Operations,Vulnerable,-5,81.21,35.0,18.0,63.0,90.0,97.0,10.0,53.0,0.25,,,,,,,
E095,Company A,Operations,Vulnerable,-4,79.81,35.0,18.0,63.0,90.0,97.0,10.0,53.0,0.25,,,,,,,
E095,Company A,Operations,Vulnerable,-3,81.13,35.0,18.0,63.0,90.0,97.0,10.0,53.0,0.25,,,,,,,
E095,Company A,Operations,Vulnerable,-2,79.91,35.0,18.0,63.0,90.0,97.0,10.0,53.0,0.25,,,,,,,
E095,Company A,Operations,Vulnerable,-1,81.84,35.0,18.0,63.0,90.0,97.0,10.0,53.0,0.25,,,,,,,
E095,Company A,Operations,Vulnerable,0,60.17,35.0,18.0,63.0,90.0,97.0,10.0,53.0,0.25,,,,,,,
E095,Company A,Operations,Vulnerable,1,63.54,35.0,18.0,63.0,90.0,97.0,10.0,53.0,0.25,,,,,,,
E095,Company A,Operations,Vulnerable,2,64.61,35.0,18.0,63.0,90.0,97.0,10.0,53.0,0.25,,,,,,,
E095,Company A,Operations,Vulnerable,3,68.8,35.0,18.0,63.0,90.0,97.0,10.0,53.0,0.25,,,,,,,
E095,Company A,Operations,Vulnerable,4,68.32,35.0,18.0,63.0,90.0,97.0,10.0,53.0,0.25,,,,,,,
E095,Company A,Operations,Vulnerable,5,66.75,35.0,18.0,63.0,90.0,97.0,10.0,53.0,0.25,,,,,,,
E095,Company A,Operations,Vulnerable,6,74.7,35.0,18.0,63.0,90.0,97.0,10.0,53.0,0.25,,,,,,,
E096,Company A,Sales,Stable Specialist,-6,97.33,74.0,63.0,80.0,50.0,52.0,77.0,90.0,0.6,,,,,,,
E096,Company A,Sales,Stable Specialist,-5,98.83,74.0,63.0,80.0,50.0,52.0,77.0,90.0,0.6,,,,,,,
E096,Company A,Sales,Stable Specialist,-4,100.0,74.0,63.0,80.0,50.0,52.0,77.0,90.0,0.6,,,,,,,
E096,Company A,Sales,Stable Specialist,-3,100.0,74.0,63.0,80.0,50.0,52.0,77.0,90.0,0.6,,,,,,,
E096,Company A,Sales,Stable Specialist,-2,97.59,74.0,63.0,80.0,50.0,52.0,77.0,90.0,0.6,,,,,,,
E096,Company A,Sales,Stable Specialist,-1,97.73,74.0,63.0,80.0,50.0,52.0,77.0,90.0,0.6,,,,,,,
E096,Company A,Sales,Stable Specialist,0,77.31,74.0,63.0,80.0,50.0,52.0,77.0,90.0,0.6,,,,,,,
E096,Company A,Sales,Stable Specialist,1,83.21,74.0,63.0,80.0,50.0,52.0,77.0,90.0,0.6,,,,,,,
E096,Company A,Sales,Stable Specialist,2,82.17,74.0,63.0,80.0,50.0,52.0,77.0,90.0,0.6,,,,,,,
E096,Company A,Sales,Stable Specialist,3,88.94,74.0,63.0,80.0,50.0,52.0,77.0,90.0,0.6,,,,,,,
E096,Company A,Sales,Stable Specialist,4,87.79,74.0,63.0,80.0,50.0,52.0,77.0,90.0,0.6,,,,,,,
E096,Company A,Sales,Stable Specialist,5,93.41,74.0,63.0,80.0,50.0,52.0,77.0,90.0,0.6,,,,,,,
E096,Company A,Sales,Stable Specialist,6,96.95,74.0,63.0,80.0,50.0,52.0,77.0,90.0,0.6,,,,,,,
E097,Company A,HR,Delayed Adaptor,-6,89.27,65.0,40.0,23.0,34.0,55.0,29.0,56.0,0.5,,,,,,,
E097,Company A,HR,Delayed Adaptor,-5,88.75,65.0,40.0,23.0,34.0,55.0,29.0,56.0,0.5,,,,,,,
E097,Company A,HR,Delayed Adaptor,-4,90.36,65.0,40.0,23.0,34.0,55.0,29.0,56.0,0.5,,,,,,,
E097,Company A,HR,Delayed Adaptor,-3,90.92,65.0,40.0,23.0,34.0,55.0,29.0,56.0,0.5,,,,,,,
E097,Company A,HR,Delayed Adaptor,-2,90.95,65.0,40.0,23.0,34.0,55.0,29.0,56.0,0.5,,,,,,,
E097,Company A,HR,Delayed Adaptor,-1,90.68,65.0,40.0,23.0,34.0,55.0,29.0,56.0,0.5,,,,,,,
E097,Company A,HR,Delayed Adaptor,0,73.96,65.0,40.0,23.0,34.0,55.0,29.0,56.0,0.5,,,,,,,
E097,Company A,HR,Delayed Adaptor,1,75.04,65.0,40.0,23.0,34.0,55.0,29.0,56.0,0.5,,,,,,,
E097,Company A,HR,Delayed Adaptor,2,76.61,65.0,40.0,23.0,34.0,55.0,29.0,56.0,0.5,,,,,,,
E097,Company A,HR,Delayed Adaptor,3,79.31,65.0,40.0,23.0,34.0,55.0,29.0,56.0,0.5,,,,,,,
E097,Company A,HR,Delayed Adaptor,4,86.05,65.0,40.0,23.0,34.0,55.0,29.0,56.0,0.5,,,,,,,
E097,Company A,HR,Delayed Adaptor,5,87.91,65.0,40.0,23.0,34.0,55.0,29.0,56.0,0.5,,,,,,,
E097,Company A,HR,Delayed Adaptor,6,86.13,65.0,40.0,23.0,34.0,55.0,29.0,56.0,0.5,,,,,,,
E098,Company A,Sales,Resilient,-6,68.02,33.0,15.0,59.0,65.0,65.0,89.0,12.0,0.9,,,,,,,
E098,Company A,Sales,Resilient,-5,66.19,33.0,15.0,59.0,65.0,65.0,89.0,12.0,0.9,,,,,,,
E098,Company A,Sales,Resilient,-4,68.8,33.0,15.0,59.0,65.0,65.0,89.0,12.0,0.9,,,,,,,
E098,Company A,Sales,Resilient,-3,65.17,33.0,15.0,59.0,65.0,65.0,89.0,12.0,0.9,,,,,,,
E098,Company A,Sales,Resilient,-2,65.8,33.0,15.0,59.0,65.0,65.0,89.0,12.0,0.9,,,,,,,
E098,Company A,Sales,Resilient,-1,69.05,33.0,15.0,59.0,65.0,65.0,89.0,12.0,0.9,,,,,,,
E098,Company A,Sales,Resilient,0,57.68,33.0,15.0,59.0,65.0,65.0,89.0,12.0,0.9,,,,,,,
E098,Company A,Sales,Resilient,1,58.52,33.0,15.0,59.0,65.0,65.0,89.0,12.0,0.9,,,,,,,
E098,Company A,Sales,Resilient,2,66.34,33.0,15.0,59.0,65.0,65.0,89.0,12.0,0.9,,,,,,,
E098,Company A,Sales,Resilient,3,73.14,33.0,15.0,59.0,65.0,65.0,89.0,12.0,0.9,,,,,,,
E098,Company A,Sales,Resilient,4,73.57,33.0,15.0,59.0,65.0,65.0,89.0,12.0,0.9,,,,,,,
E098,Company A,Sales,Resilient,5,80.08,33.0,15.0,59.0,65.0,65.0,89.0,12.0,0.9,,,,,,,
E098,Company A,Sales,Resilient,6,81.53,33.0,15.0,59.0,65.0,65.0,89.0,12.0,0.9,,,,,,,
E099,Company A,Sales,Declining,-6,91.84,51.0,19.0,31.0,13.0,49.0,27.0,52.0,0.1,,,,,,,
E099,Company A,Sales,Declining,-5,86.79,51.0,19.0,31.0,13.0,49.0,27.0,52.0,0.1,,,,,,,
E099,Company A,Sales,Declining,-4,89.24,51.0,19.0,31.0,13.0,49.0,27.0,52.0,0.1,,,,,,,
E099,Company A,Sales,Declining,-3,87.63,51.0,19.0,31.0,13.0,49.0,27.0,52.0,0.1,,,,,,,
E099,Company A,Sales,Declining,-2,90.88,51.0,19.0,31.0,13.0,49.0,27.0,52.0,0.1,,,,,,,
E099,Company A,Sales,Declining,-1,85.44,51.0,19.0,31.0,13.0,49.0,27.0,52.0,0.1,,,,,,,
E099,Company A,Sales,Declining,0,72.74,51.0,19.0,31.0,13.0,49.0,27.0,52.0,0.1,,,,,,,
E099,Company A,Sales,Declining,1,73.89,51.0,19.0,31.0,13.0,49.0,27.0,52.0,0.1,,,,,,,
E099,Company A,Sales,Declining,2,71.76,51.0,19.0,31.0,13.0,49.0,27.0,52.0,0.1,,,,,,,
E099,Company A,Sales,Declining,3,72.83,51.0,19.0,31.0,13.0,49.0,27.0,52.0,0.1,,,,,,,
E099,Company A,Sales,Declining,4,74.54,51.0,19.0,31.0,13.0,49.0,27.0,52.0,0.1,,,,,,,
E099,Company A,Sales,Declining,5,76.85,51.0,19.0,31.0,13.0,49.0,27.0,52.0,0.1,,,,,,,
E099,Company A,Sales,Declining,6,73.31,51.0,19.0,31.0,13.0,49.0,27.0,52.0,0.1,,,,,,,
E100,Company A,HR,Delayed Adaptor,-6,67.23,63.0,28.0,27.0,10.0,64.0,18.0,8.0,0.5,,,,,,,
E100,Company A,HR,Delayed Adaptor,-5,66.01,63.0,28.0,27.0,10.0,64.0,18.0,8.0,0.5,,,,,,,
E100,Company A,HR,Delayed Adaptor,-4,65.87,63.0,28.0,27.0,10.0,64.0,18.0,8.0,0.5,,,,,,,
E100,Company A,HR,Delayed Adaptor,-3,67.19,63.0,28.0,27.0,10.0,64.0,18.0,8.0,0.5,,,,,,,
E100,Company A,HR,Delayed Adaptor,-2,65.21,63.0,28.0,27.0,10.0,64.0,18.0,8.0,0.5,,,,,,,
E100,Company A,HR,Delayed Adaptor,-1,66.27,63.0,28.0,27.0,10.0,64.0,18.0,8.0,0.5,,,,,,,
E100,Company A,HR,Delayed Adaptor,0,56.72,63.0,28.0,27.0,10.0,64.0,18.0,8.0,0.5,,,,,,,
E100,Company A,HR,Delayed Adaptor,1,60.49,63.0,28.0,27.0,10.0,64.0,18.0,8.0,0.5,,,,,,,
E100,Company A,HR,Delayed Adaptor,2,61.83,63.0,28.0,27.0,10.0,64.0,18.0,8.0,0.5,,,,,,,
E100,Company A,HR,Delayed Adaptor,3,61.15,63.0,28.0,27.0,10.0,64.0,18.0,8.0,0.5,,,,,,,
E100,Company A,HR,Delayed Adaptor,4,68.79,63.0,28.0,27.0,10.0,64.0,18.0,8.0,0.5,,,,,,,
E100,Company A,HR,Delayed Adaptor,5,74.93,63.0,28.0,27.0,10.0,64.0,18.0,8.0,0.5,,,,,,,
E100,Company A,HR,Delayed Adaptor,6,76.97,63.0,28.0,27.0,10.0,64.0,18.0,8.0,0.5,,,,,,,
E101,Company B,HR,Stable Specialist,-6,79.22,12.0,100.0,32.0,23.0,10.0,16.0,67.0,0.6,,,,,,,
E101,Company B,HR,Stable Specialist,-5,77.51,12.0,100.0,32.0,23.0,10.0,16.0,67.0,0.6,,,,,,,
E101,Company B,HR,Stable Specialist,-4,76.53,12.0,100.0,32.0,23.0,10.0,16.0,67.0,0.6,,,,,,,
E101,Company B,HR,Stable Specialist,-3,76.22,12.0,100.0,32.0,23.0,10.0,16.0,67.0,0.6,,,,,,,
E101,Company B,HR,Stable Specialist,-2,77.38,12.0,100.0,32.0,23.0,10.0,16.0,67.0,0.6,,,,,,,
E101,Company B,HR,Stable Specialist,-1,77.91,12.0,100.0,32.0,23.0,10.0,16.0,67.0,0.6,,,,,,,
E101,Company B,HR,Stable Specialist,0,68.53,12.0,100.0,32.0,23.0,10.0,16.0,67.0,0.6,,,,,,,
E101,Company B,HR,Stable Specialist,1,66.27,12.0,100.0,32.0,23.0,10.0,16.0,67.0,0.6,,,,,,,
E101,Company B,HR,Stable Specialist,2,75.11,12.0,100.0,32.0,23.0,10.0,16.0,67.0,0.6,,,,,,,
E101,Company B,HR,Stable Specialist,3,75.35,12.0,100.0,32.0,23.0,10.0,16.0,67.0,0.6,,,,,,,
E101,Company B,HR,Stable Specialist,4,80.96,12.0,100.0,32.0,23.0,10.0,16.0,67.0,0.6,,,,,,,
E101,Company B,HR,Stable Specialist,5,81.72,12.0,100.0,32.0,23.0,10.0,16.0,67.0,0.6,,,,,,,
E101,Company B,HR,Stable Specialist,6,84.84,12.0,100.0,32.0,23.0,10.0,16.0,67.0,0.6,,,,,,,
E102,Company B,IT,Vulnerable,-6,79.25,12.0,99.0,30.0,1.0,15.0,8.0,72.0,0.25,,,,,,,
E102,Company B,IT,Vulnerable,-5,80.29,12.0,99.0,30.0,1.0,15.0,8.0,72.0,0.25,,,,,,,
E102,Company B,IT,Vulnerable,-4,79.14,12.0,99.0,30.0,1.0,15.0,8.0,72.0,0.25,,,,,,,
E102,Company B,IT,Vulnerable,-3,79.34,12.0,99.0,30.0,1.0,15.0,8.0,72.0,0.25,,,,,,,
E102,Company B,IT,Vulnerable,-2,77.67,12.0,99.0,30.0,1.0,15.0,8.0,72.0,0.25,,,,,,,
E102,Company B,IT,Vulnerable,-1,78.74,12.0,99.0,30.0,1.0,15.0,8.0,72.0,0.25,,,,,,,
E102,Company B,IT,Vulnerable,0,61.43,12.0,99.0,30.0,1.0,15.0,8.0,72.0,0.25,,,,,,,
E102,Company B,IT,Vulnerable,1,63.98,12.0,99.0,30.0,1.0,15.0,8.0,72.0,0.25,,,,,,,
E102,Company B,IT,Vulnerable,2,70.66,12.0,99.0,30.0,1.0,15.0,8.0,72.0,0.25,,,,,,,
E102,Company B,IT,Vulnerable,3,67.17,12.0,99.0,30.0,1.0,15.0,8.0,72.0,0.25,,,,,,,
E102,Company B,IT,Vulnerable,4,71.16,12.0,99.0,30.0,1.0,15.0,8.0,72.0,0.25,,,,,,,
E102,Company B,IT,Vulnerable,5,73.14,12.0,99.0,30.0,1.0,15.0,8.0,72.0,0.25,,,,,,,
E102,Company B,IT,Vulnerable,6,74.35,12.0,99.0,30.0,1.0,15.0,8.0,72.0,0.25,,,,,,,
E103,Company B,Finance,Delayed Adaptor,-6,81.91,46.0,52.0,73.0,45.0,12.0,36.0,23.0,0.5,,,,,,,
E103,Company B,Finance,Delayed Adaptor,-5,78.57,46.0,52.0,73.0,45.0,12.0,36.0,23.0,0.5,,,,,,,
E103,Company B,Finance,Delayed Adaptor,-4,82.68,46.0,52.0,73.0,45.0,12.0,36.0,23.0,0.5,,,,,,,
E103,Company B,Finance,Delayed Adaptor,-3,79.78,46.0,52.0,73.0,45.0,12.0,36.0,23.0,0.5,,,,,,,
E103,Company B,Finance,Delayed Adaptor,-2,81.17,46.0,52.0,73.0,45.0,12.0,36.0,23.0,0.5,,,,,,,
E103,Company B,Finance,Delayed Adaptor,-1,81.52,46.0,52.0,73.0,45.0,12.0,36.0,23.0,0.5,,,,,,,
E103,Company B,Finance,Delayed Adaptor,0,71.23,46.0,52.0,73.0,45.0,12.0,36.0,23.0,0.5,,,,,,,
E103,Company B,Finance,Delayed Adaptor,1,73.45,46.0,52.0,73.0,45.0,12.0,36.0,23.0,0.5,,,,,,,
E103,Company B,Finance,Delayed Adaptor,2,75.87,46.0,52.0,73.0,45.0,12.0,36.0,23.0,0.5,,,,,,,
E103,Company B,Finance,Delayed Adaptor,3,79.48,46.0,52.0,73.0,45.0,12.0,36.0,23.0,0.5,,,,,,,
E103,Company B,Finance,Delayed Adaptor,4,86.33,46.0,52.0,73.0,45.0,12.0,36.0,23.0,0.5,,,,,,,
E103,Company B,Finance,Delayed Adaptor,5,84.64,46.0,52.0,73.0,45.0,12.0,36.0,23.0,0.5,,,,,,,
E103,Company B,Finance,Delayed Adaptor,6,88.11,46.0,52.0,73.0,45.0,12.0,36.0,23.0,0.5,,,,,,,
E104,Company B,IT,Declining,-6,75.88,6.0,95.0,95.0,24.0,32.0,54.0,57.0,0.1,,,,,,,
E104,Company B,IT,Declining,-5,81.88,6.0,95.0,95.0,24.0,32.0,54.0,57.0,0.1,,,,,,,
E104,Company B,IT,Declining,-4,82.01,6.0,95.0,95.0,24.0,32.0,54.0,57.0,0.1,,,,,,,
E104,Company B,IT,Declining,-3,79.52,6.0,95.0,95.0,24.0,32.0,54.0,57.0,0.1,,,,,,,
E104,Company B,IT,Declining,-2,82.32,6.0,95.0,95.0,24.0,32.0,54.0,57.0,0.1,,,,,,,
E104,Company B,IT,Declining,-1,79.05,6.0,95.0,95.0,24.0,32.0,54.0,57.0,0.1,,,,,,,
E104,Company B,IT,Declining,0,57.24,6.0,95.0,95.0,24.0,32.0,54.0,57.0,0.1,,,,,,,
E104,Company B,IT,Declining,1,58.38,6.0,95.0,95.0,24.0,32.0,54.0,57.0,0.1,,,,,,,
E104,Company B,IT,Declining,2,56.37,6.0,95.0,95.0,24.0,32.0,54.0,57.0,0.1,,,,,,,
E104,Company B,IT,Declining,3,53.06,6.0,95.0,95.0,24.0,32.0,54.0,57.0,0.1,,,,,,,
E104,Company B,IT,Declining,4,57.9,6.0,95.0,95.0,24.0,32.0,54.0,57.0,0.1,,,,,,,
E104,Company B,IT,Declining,5,55.53,6.0,95.0,95.0,24.0,32.0,54.0,57.0,0.1,,,,,,,
E104,Company B,IT,Declining,6,55.84,6.0,95.0,95.0,24.0,32.0,54.0,57.0,0.1,,,,,,,
E105,Company B,Marketing,Rapid Adaptor,-6,82.29,27.0,76.0,78.0,86.0,43.0,89.0,3.0,0.8,,,,,,,
E105,Company B,Marketing,Rapid Adaptor,-5,81.77,27.0,76.0,78.0,86.0,43.0,89.0,3.0,0.8,,,,,,,
E105,Company B,Marketing,Rapid Adaptor,-4,80.88,27.0,76.0,78.0,86.0,43.0,89.0,3.0,0.8,,,,,,,
E105,Company B,Marketing,Rapid Adaptor,-3,80.86,27.0,76.0,78.0,86.0,43.0,89.0,3.0,0.8,,,,,,,
E105,Company B,Marketing,Rapid Adaptor,-2,80.99,27.0,76.0,78.0,86.0,43.0,89.0,3.0,0.8,,,,,,,
E105,Company B,Marketing,Rapid Adaptor,-1,82.86,27.0,76.0,78.0,86.0,43.0,89.0,3.0,0.8,,,,,,,
E105,Company B,Marketing,Rapid Adaptor,0,66.52,27.0,76.0,78.0,86.0,43.0,89.0,3.0,0.8,,,,,,,
E105,Company B,Marketing,Rapid Adaptor,1,73.57,27.0,76.0,78.0,86.0,43.0,89.0,3.0,0.8,,,,,,,
E105,Company B,Marketing,Rapid Adaptor,2,79.89,27.0,76.0,78.0,86.0,43.0,89.0,3.0,0.8,,,,,,,
E105,Company B,Marketing,Rapid Adaptor,3,81.99,27.0,76.0,78.0,86.0,43.0,89.0,3.0,0.8,,,,,,,
E105,Company B,Marketing,Rapid Adaptor,4,84.88,27.0,76.0,78.0,86.0,43.0,89.0,3.0,0.8,,,,,,,
E105,Company B,Marketing,Rapid Adaptor,5,87.31,27.0,76.0,78.0,86.0,43.0,89.0,3.0,0.8,,,,,,,
E105,Company B,Marketing,Rapid Adaptor,6,97.34,27.0,76.0,78.0,86.0,43.0,89.0,3.0,0.8,,,,,,,
E106,Company B,IT,Delayed Adaptor,-6,87.55,87.0,53.0,59.0,56.0,46.0,30.0,45.0,0.5,,,,,,,
E106,Company B,IT,Delayed Adaptor,-5,87.94,87.0,53.0,59.0,56.0,46.0,30.0,45.0,0.5,,,,,,,
E106,Company B,IT,Delayed Adaptor,-4,89.03,87.0,53.0,59.0,56.0,46.0,30.0,45.0,0.5,,,,,,,
E106,Company B,IT,Delayed Adaptor,-3,87.87,87.0,53.0,59.0,56.0,46.0,30.0,45.0,0.5,,,,,,,
E106,Company B,IT,Delayed Adaptor,-2,84.61,87.0,53.0,59.0,56.0,46.0,30.0,45.0,0.5,,,,,,,
E106,Company B,IT,Delayed Adaptor,-1,86.8,87.0,53.0,59.0,56.0,46.0,30.0,45.0,0.5,,,,,,,
E106,Company B,IT,Delayed Adaptor,0,70.14,87.0,53.0,59.0,56.0,46.0,30.0,45.0,0.5,,,,,,,
E106,Company B,IT,Delayed Adaptor,1,73.6,87.0,53.0,59.0,56.0,46.0,30.0,45.0,0.5,,,,,,,
E106,Company B,IT,Delayed Adaptor,2,72.9,87.0,53.0,59.0,56.0,46.0,30.0,45.0,0.5,,,,,,,
E106,Company B,IT,Delayed Adaptor,3,80.73,87.0,53.0,59.0,56.0,46.0,30.0,45.0,0.5,,,,,,,
E106,Company B,IT,Delayed Adaptor,4,74.79,87.0,53.0,59.0,56.0,46.0,30.0,45.0,0.5,,,,,,,
E106,Company B,IT,Delayed Adaptor,5,79.67,87.0,53.0,59.0,56.0,46.0,30.0,45.0,0.5,,,,,,,
E106,Company B,IT,Delayed Adaptor,6,82.86,87.0,53.0,59.0,56.0,46.0,30.0,45.0,0.5,,,,,,,
E107,Company B,Sales,Vulnerable,-6,80.26,32.0,80.0,74.0,76.0,49.0,10.0,94.0,0.25,,,,,,,
E107,Company B,Sales,Vulnerable,-5,78.75,32.0,80.0,74.0,76.0,49.0,10.0,94.0,0.25,,,,,,,
E107,Company B,Sales,Vulnerable,-4,76.36,32.0,80.0,74.0,76.0,49.0,10.0,94.0,0.25,,,,,,,
E107,Company B,Sales,Vulnerable,-3,78.16,32.0,80.0,74.0,76.0,49.0,10.0,94.0,0.25,,,,,,,
E107,Company B,Sales,Vulnerable,-2,79.91,32.0,80.0,74.0,76.0,49.0,10.0,94.0,0.25,,,,,,,
E107,Company B,Sales,Vulnerable,-1,79.92,32.0,80.0,74.0,76.0,49.0,10.0,94.0,0.25,,,,,,,
E107,Company B,Sales,Vulnerable,0,54.27,32.0,80.0,74.0,76.0,49.0,10.0,94.0,0.25,,,,,,,
E107,Company B,Sales,Vulnerable,1,56.58,32.0,80.0,74.0,76.0,49.0,10.0,94.0,0.25,,,,,,,
E107,Company B,Sales,Vulnerable,2,55.6,32.0,80.0,74.0,76.0,49.0,10.0,94.0,0.25,,,,,,,
E107,Company B,Sales,Vulnerable,3,58.11,32.0,80.0,74.0,76.0,49.0,10.0,94.0,0.25,,,,,,,
E107,Company B,Sales,Vulnerable,4,60.48,32.0,80.0,74.0,76.0,49.0,10.0,94.0,0.25,,,,,,,
E107,Company B,Sales,Vulnerable,5,60.46,32.0,80.0,74.0,76.0,49.0,10.0,94.0,0.25,,,,,,,
E107,Company B,Sales,Vulnerable,6,59.43,32.0,80.0,74.0,76.0,49.0,10.0,94.0,0.25,,,,,,,
E108,Company B,IT,Resilient,-6,84.62,58.0,83.0,87.0,85.0,92.0,85.0,43.0,0.9,,,,,,,
E108,Company B,IT,Resilient,-5,86.3,58.0,83.0,87.0,85.0,92.0,85.0,43.0,0.9,,,,,,,
E108,Company B,IT,Resilient,-4,82.5,58.0,83.0,87.0,85.0,92.0,85.0,43.0,0.9,,,,,,,
E108,Company B,IT,Resilient,-3,83.65,58.0,83.0,87.0,85.0,92.0,85.0,43.0,0.9,,,,,,,
E108,Company B,IT,Resilient,-2,82.87,58.0,83.0,87.0,85.0,92.0,85.0,43.0,0.9,,,,,,,
E108,Company B,IT,Resilient,-1,85.98,58.0,83.0,87.0,85.0,92.0,85.0,43.0,0.9,,,,,,,
E108,Company B,IT,Resilient,0,73.0,58.0,83.0,87.0,85.0,92.0,85.0,43.0,0.9,,,,,,,
E108,Company B,IT,Resilient,1,75.61,58.0,83.0,87.0,85.0,92.0,85.0,43.0,0.9,,,,,,,
E108,Company B,IT,Resilient,2,78.52,58.0,83.0,87.0,85.0,92.0,85.0,43.0,0.9,,,,,,,
E108,Company B,IT,Resilient,3,84.57,58.0,83.0,87.0,85.0,92.0,85.0,43.0,0.9,,,,,,,
E108,Company B,IT,Resilient,4,87.98,58.0,83.0,87.0,85.0,92.0,85.0,43.0,0.9,,,,,,,
E108,Company B,IT,Resilient,5,91.7,58.0,83.0,87.0,85.0,92.0,85.0,43.0,0.9,,,,,,,
E108,Company B,IT,Resilient,6,98.32,58.0,83.0,87.0,85.0,92.0,85.0,43.0,0.9,,,,,,,
E109,Company B,Finance,Resilient,-6,78.61,92.0,70.0,66.0,83.0,19.0,93.0,34.0,0.9,,,,,,,
E109,Company B,Finance,Resilient,-5,81.52,92.0,70.0,66.0,83.0,19.0,93.0,34.0,0.9,,,,,,,
E109,Company B,Finance,Resilient,-4,77.07,92.0,70.0,66.0,83.0,19.0,93.0,34.0,0.9,,,,,,,
E109,Company B,Finance,Resilient,-3,76.27,92.0,70.0,66.0,83.0,19.0,93.0,34.0,0.9,,,,,,,
E109,Company B,Finance,Resilient,-2,83.17,92.0,70.0,66.0,83.0,19.0,93.0,34.0,0.9,,,,,,,
E109,Company B,Finance,Resilient,-1,78.34,92.0,70.0,66.0,83.0,19.0,93.0,34.0,0.9,,,,,,,
E109,Company B,Finance,Resilient,0,65.51,92.0,70.0,66.0,83.0,19.0,93.0,34.0,0.9,,,,,,,
E109,Company B,Finance,Resilient,1,66.18,92.0,70.0,66.0,83.0,19.0,93.0,34.0,0.9,,,,,,,
E109,Company B,Finance,Resilient,2,74.1,92.0,70.0,66.0,83.0,19.0,93.0,34.0,0.9,,,,,,,
E109,Company B,Finance,Resilient,3,80.39,92.0,70.0,66.0,83.0,19.0,93.0,34.0,0.9,,,,,,,
E109,Company B,Finance,Resilient,4,80.3,92.0,70.0,66.0,83.0,19.0,93.0,34.0,0.9,,,,,,,
E109,Company B,Finance,Resilient,5,81.82,92.0,70.0,66.0,83.0,19.0,93.0,34.0,0.9,,,,,,,
E109,Company B,Finance,Resilient,6,93.4,92.0,70.0,66.0,83.0,19.0,93.0,34.0,0.9,,,,,,,
E110,Company B,IT,Delayed Adaptor,-6,75.44,70.0,46.0,70.0,25.0,39.0,4.0,20.0,0.5,,,,,,,
E110,Company B,IT,Delayed Adaptor,-5,74.59,70.0,46.0,70.0,25.0,39.0,4.0,20.0,0.5,,,,,,,
E110,Company B,IT,Delayed Adaptor,-4,76.33,70.0,46.0,70.0,25.0,39.0,4.0,20.0,0.5,,,,,,,
E110,Company B,IT,Delayed Adaptor,-3,73.05,70.0,46.0,70.0,25.0,39.0,4.0,20.0,0.5,,,,,,,
E110,Company B,IT,Delayed Adaptor,-2,72.78,70.0,46.0,70.0,25.0,39.0,4.0,20.0,0.5,,,,,,,
E110,Company B,IT,Delayed Adaptor,-1,75.86,70.0,46.0,70.0,25.0,39.0,4.0,20.0,0.5,,,,,,,
E110,Company B,IT,Delayed Adaptor,0,56.0,70.0,46.0,70.0,25.0,39.0,4.0,20.0,0.5,,,,,,,
E110,Company B,IT,Delayed Adaptor,1,62.72,70.0,46.0,70.0,25.0,39.0,4.0,20.0,0.5,,,,,,,
E110,Company B,IT,Delayed Adaptor,2,65.19,70.0,46.0,70.0,25.0,39.0,4.0,20.0,0.5,,,,,,,
E110,Company B,IT,Delayed Adaptor,3,66.29,70.0,46.0,70.0,25.0,39.0,4.0,20.0,0.5,,,,,,,
E110,Company B,IT,Delayed Adaptor,4,70.53,70.0,46.0,70.0,25.0,39.0,4.0,20.0,0.5,,,,,,,
E110,Company B,IT,Delayed Adaptor,5,75.46,70.0,46.0,70.0,25.0,39.0,4.0,20.0,0.5,,,,,,,
E110,Company B,IT,Delayed Adaptor,6,81.03,70.0,46.0,70.0,25.0,39.0,4.0,20.0,0.5,,,,,,,
E111,Company B,Marketing,Rapid Adaptor,-6,76.55,92.0,23.0,23.0,3.0,66.0,33.0,56.0,0.8,,,,,,,
E111,Company B,Marketing,Rapid Adaptor,-5,77.39,92.0,23.0,23.0,3.0,66.0,33.0,56.0,0.8,,,,,,,
E111,Company B,Marketing,Rapid Adaptor,-4,76.29,92.0,23.0,23.0,3.0,66.0,33.0,56.0,0.8,,,,,,,
E111,Company B,Marketing,Rapid Adaptor,-3,78.56,92.0,23.0,23.0,3.0,66.0,33.0,56.0,0.8,,,,,,,
E111,Company B,Marketing,Rapid Adaptor,-2,72.23,92.0,23.0,23.0,3.0,66.0,33.0,56.0,0.8,,,,,,,
E111,Company B,Marketing,Rapid Adaptor,-1,81.49,92.0,23.0,23.0,3.0,66.0,33.0,56.0,0.8,,,,,,,
E111,Company B,Marketing,Rapid Adaptor,0,66.81,92.0,23.0,23.0,3.0,66.0,33.0,56.0,0.8,,,,,,,
E111,Company B,Marketing,Rapid Adaptor,1,68.95,92.0,23.0,23.0,3.0,66.0,33.0,56.0,0.8,,,,,,,
E111,Company B,Marketing,Rapid Adaptor,2,72.39,92.0,23.0,23.0,3.0,66.0,33.0,56.0,0.8,,,,,,,
E111,Company B,Marketing,Rapid Adaptor,3,75.96,92.0,23.0,23.0,3.0,66.0,33.0,56.0,0.8,,,,,,,
E111,Company B,Marketing,Rapid Adaptor,4,83.19,92.0,23.0,23.0,3.0,66.0,33.0,56.0,0.8,,,,,,,
E111,Company B,Marketing,Rapid Adaptor,5,88.09,92.0,23.0,23.0,3.0,66.0,33.0,56.0,0.8,,,,,,,
E111,Company B,Marketing,Rapid Adaptor,6,89.97,92.0,23.0,23.0,3.0,66.0,33.0,56.0,0.8,,,,,,,
E112,Company B,Sales,Resilient,-6,86.22,68.0,12.0,86.0,57.0,49.0,29.0,61.0,0.9,,,,,,,
E112,Company B,Sales,Resilient,-5,83.52,68.0,12.0,86.0,57.0,49.0,29.0,61.0,0.9,,,,,,,
E112,Company B,Sales,Resilient,-4,84.0,68.0,12.0,86.0,57.0,49.0,29.0,61.0,0.9,,,,,,,
E112,Company B,Sales,Resilient,-3,82.0,68.0,12.0,86.0,57.0,49.0,29.0,61.0,0.9,,,,,,,
E112,Company B,Sales,Resilient,-2,83.83,68.0,12.0,86.0,57.0,49.0,29.0,61.0,0.9,,,,,,,
E112,Company B,Sales,Resilient,-1,85.26,68.0,12.0,86.0,57.0,49.0,29.0,61.0,0.9,,,,,,,
E112,Company B,Sales,Resilient,0,81.33,68.0,12.0,86.0,57.0,49.0,29.0,61.0,0.9,,,,,,,
E112,Company B,Sales,Resilient,1,81.96,68.0,12.0,86.0,57.0,49.0,29.0,61.0,0.9,,,,,,,
E112,Company B,Sales,Resilient,2,85.07,68.0,12.0,86.0,57.0,49.0,29.0,61.0,0.9,,,,,,,
E112,Company B,Sales,Resilient,3,94.62,68.0,12.0,86.0,57.0,49.0,29.0,61.0,0.9,,,,,,,
E112,Company B,Sales,Resilient,4,95.09,68.0,12.0,86.0,57.0,49.0,29.0,61.0,0.9,,,,,,,
E112,Company B,Sales,Resilient,5,97.09,68.0,12.0,86.0,57.0,49.0,29.0,61.0,0.9,,,,,,,
E112,Company B,Sales,Resilient,6,100.0,68.0,12.0,86.0,57.0,49.0,29.0,61.0,0.9,,,,,,,
E113,Company B,HR,Delayed Adaptor,-6,63.95,24.0,20.0,100.0,64.0,62.0,88.0,50.0,0.5,,,,,,,
E113,Company B,HR,Delayed Adaptor,-5,65.38,24.0,20.0,100.0,64.0,62.0,88.0,50.0,0.5,,,,,,,
E113,Company B,HR,Delayed Adaptor,-4,66.09,24.0,20.0,100.0,64.0,62.0,88.0,50.0,0.5,,,,,,,
E113,Company B,HR,Delayed Adaptor,-3,63.67,24.0,20.0,100.0,64.0,62.0,88.0,50.0,0.5,,,,,,,
E113,Company B,HR,Delayed Adaptor,-2,67.91,24.0,20.0,100.0,64.0,62.0,88.0,50.0,0.5,,,,,,,
E113,Company B,HR,Delayed Adaptor,-1,64.78,24.0,20.0,100.0,64.0,62.0,88.0,50.0,0.5,,,,,,,
E113,Company B,HR,Delayed Adaptor,0,48.21,24.0,20.0,100.0,64.0,62.0,88.0,50.0,0.5,,,,,,,
E113,Company B,HR,Delayed Adaptor,1,51.33,24.0,20.0,100.0,64.0,62.0,88.0,50.0,0.5,,,,,,,
E113,Company B,HR,Delayed Adaptor,2,53.63,24.0,20.0,100.0,64.0,62.0,88.0,50.0,0.5,,,,,,,
E113,Company B,HR,Delayed Adaptor,3,57.25,24.0,20.0,100.0,64.0,62.0,88.0,50.0,0.5,,,,,,,
E113,Company B,HR,Delayed Adaptor,4,57.12,24.0,20.0,100.0,64.0,62.0,88.0,50.0,0.5,,,,,,,
E113,Company B,HR,Delayed Adaptor,5,60.02,24.0,20.0,100.0,64.0,62.0,88.0,50.0,0.5,,,,,,,
E113,Company B,HR,Delayed Adaptor,6,61.72,24.0,20.0,100.0,64.0,62.0,88.0,50.0,0.5,,,,,,,
E114,Company B,Sales,Resilient,-6,69.48,62.0,48.0,75.0,46.0,54.0,63.0,64.0,0.9,,,,,,,
E114,Company B,Sales,Resilient,-5,68.54,62.0,48.0,75.0,46.0,54.0,63.0,64.0,0.9,,,,,,,
E114,Company B,Sales,Resilient,-4,73.69,62.0,48.0,75.0,46.0,54.0,63.0,64.0,0.9,,,,,,,
E114,Company B,Sales,Resilient,-3,72.61,62.0,48.0,75.0,46.0,54.0,63.0,64.0,0.9,,,,,,,
E114,Company B,Sales,Resilient,-2,74.01,62.0,48.0,75.0,46.0,54.0,63.0,64.0,0.9,,,,,,,
E114,Company B,Sales,Resilient,-1,74.38,62.0,48.0,75.0,46.0,54.0,63.0,64.0,0.9,,,,,,,
E114,Company B,Sales,Resilient,0,62.38,62.0,48.0,75.0,46.0,54.0,63.0,64.0,0.9,,,,,,,
E114,Company B,Sales,Resilient,1,64.45,62.0,48.0,75.0,46.0,54.0,63.0,64.0,0.9,,,,,,,
E114,Company B,Sales,Resilient,2,74.64,62.0,48.0,75.0,46.0,54.0,63.0,64.0,0.9,,,,,,,
E114,Company B,Sales,Resilient,3,73.87,62.0,48.0,75.0,46.0,54.0,63.0,64.0,0.9,,,,,,,
E114,Company B,Sales,Resilient,4,81.39,62.0,48.0,75.0,46.0,54.0,63.0,64.0,0.9,,,,,,,
E114,Company B,Sales,Resilient,5,77.5,62.0,48.0,75.0,46.0,54.0,63.0,64.0,0.9,,,,,,,
E114,Company B,Sales,Resilient,6,89.32,62.0,48.0,75.0,46.0,54.0,63.0,64.0,0.9,,,,,,,
E115,Company B,Operations,Vulnerable,-6,82.87,63.0,61.0,98.0,18.0,75.0,79.0,42.0,0.25,,,,,,,
E115,Company B,Operations,Vulnerable,-5,85.64,63.0,61.0,98.0,18.0,75.0,79.0,42.0,0.25,,,,,,,
E115,Company B,Operations,Vulnerable,-4,86.51,63.0,61.0,98.0,18.0,75.0,79.0,42.0,0.25,,,,,,,
E115,Company B,Operations,Vulnerable,-3,83.59,63.0,61.0,98.0,18.0,75.0,79.0,42.0,0.25,,,,,,,
E115,Company B,Operations,Vulnerable,-2,86.44,63.0,61.0,98.0,18.0,75.0,79.0,42.0,0.25,,,,,,,
E115,Company B,Operations,Vulnerable,-1,87.11,63.0,61.0,98.0,18.0,75.0,79.0,42.0,0.25,,,,,,,
E115,Company B,Operations,Vulnerable,0,64.56,63.0,61.0,98.0,18.0,75.0,79.0,42.0,0.25,,,,,,,
E115,Company B,Operations,Vulnerable,1,61.58,63.0,61.0,98.0,18.0,75.0,79.0,42.0,0.25,,,,,,,
E115,Company B,Operations,Vulnerable,2,60.91,63.0,61.0,98.0,18.0,75.0,79.0,42.0,0.25,,,,,,,
E115,Company B,Operations,Vulnerable,3,60.93,63.0,61.0,98.0,18.0,75.0,79.0,42.0,0.25,,,,,,,
E115,Company B,Operations,Vulnerable,4,61.47,63.0,61.0,98.0,18.0,75.0,79.0,42.0,0.25,,,,,,,
E115,Company B,Operations,Vulnerable,5,66.92,63.0,61.0,98.0,18.0,75.0,79.0,42.0,0.25,,,,,,,
E115,Company B,Operations,Vulnerable,6,62.14,63.0,61.0,98.0,18.0,75.0,79.0,42.0,0.25,,,,,,,
E116,Company B,Finance,Vulnerable,-6,86.98,58.0,32.0,61.0,49.0,18.0,85.0,68.0,0.25,,,,,,,
E116,Company B,Finance,Vulnerable,-5,88.47,58.0,32.0,61.0,49.0,18.0,85.0,68.0,0.25,,,,,,,
E116,Company B,Finance,Vulnerable,-4,88.77,58.0,32.0,61.0,49.0,18.0,85.0,68.0,0.25,,,,,,,
E116,Company B,Finance,Vulnerable,-3,87.59,58.0,32.0,61.0,49.0,18.0,85.0,68.0,0.25,,,,,,,
E116,Company B,Finance,Vulnerable,-2,86.34,58.0,32.0,61.0,49.0,18.0,85.0,68.0,0.25,,,,,,,
E116,Company B,Finance,Vulnerable,-1,88.01,58.0,32.0,61.0,49.0,18.0,85.0,68.0,0.25,,,,,,,
E116,Company B,Finance,Vulnerable,0,70.14,58.0,32.0,61.0,49.0,18.0,85.0,68.0,0.25,,,,,,,
E116,Company B,Finance,Vulnerable,1,68.91,58.0,32.0,61.0,49.0,18.0,85.0,68.0,0.25,,,,,,,
E116,Company B,Finance,Vulnerable,2,69.92,58.0,32.0,61.0,49.0,18.0,85.0,68.0,0.25,,,,,,,
E116,Company B,Finance,Vulnerable,3,72.72,58.0,32.0,61.0,49.0,18.0,85.0,68.0,0.25,,,,,,,
E116,Company B,Finance,Vulnerable,4,73.51,58.0,32.0,61.0,49.0,18.0,85.0,68.0,0.25,,,,,,,
E116,Company B,Finance,Vulnerable,5,72.25,58.0,32.0,61.0,49.0,18.0,85.0,68.0,0.25,,,,,,,
E116,Company B,Finance,Vulnerable,6,76.89,58.0,32.0,61.0,49.0,18.0,85.0,68.0,0.25,,,,,,,
E117,Company B,IT,Delayed Adaptor,-6,71.3,70.0,2.0,9.0,97.0,88.0,34.0,79.0,0.5,,,,,,,
E117,Company B,IT,Delayed Adaptor,-5,65.44,70.0,2.0,9.0,97.0,88.0,34.0,79.0,0.5,,,,,,,
E117,Company B,IT,Delayed Adaptor,-4,67.95,70.0,2.0,9.0,97.0,88.0,34.0,79.0,0.5,,,,,,,
E117,Company B,IT,Delayed Adaptor,-3,64.7,70.0,2.0,9.0,97.0,88.0,34.0,79.0,0.5,,,,,,,
E117,Company B,IT,Delayed Adaptor,-2,67.77,70.0,2.0,9.0,97.0,88.0,34.0,79.0,0.5,,,,,,,
E117,Company B,IT,Delayed Adaptor,-1,70.61,70.0,2.0,9.0,97.0,88.0,34.0,79.0,0.5,,,,,,,
E117,Company B,IT,Delayed Adaptor,0,51.87,70.0,2.0,9.0,97.0,88.0,34.0,79.0,0.5,,,,,,,
E117,Company B,IT,Delayed Adaptor,1,54.32,70.0,2.0,9.0,97.0,88.0,34.0,79.0,0.5,,,,,,,
E117,Company B,IT,Delayed Adaptor,2,58.87,70.0,2.0,9.0,97.0,88.0,34.0,79.0,0.5,,,,,,,
E117,Company B,IT,Delayed Adaptor,3,66.11,70.0,2.0,9.0,97.0,88.0,34.0,79.0,0.5,,,,,,,
E117,Company B,IT,Delayed Adaptor,4,66.53,70.0,2.0,9.0,97.0,88.0,34.0,79.0,0.5,,,,,,,
E117,Company B,IT,Delayed Adaptor,5,66.15,70.0,2.0,9.0,97.0,88.0,34.0,79.0,0.5,,,,,,,
E117,Company B,IT,Delayed Adaptor,6,73.83,70.0,2.0,9.0,97.0,88.0,34.0,79.0,0.5,,,,,,,
E118,Company B,Marketing,Declining,-6,86.32,58.0,99.0,58.0,1.0,28.0,67.0,64.0,0.1,,,,,,,
E118,Company B,Marketing,Declining,-5,85.74,58.0,99.0,58.0,1.0,28.0,67.0,64.0,0.1,,,,,,,
E118,Company B,Marketing,Declining,-4,89.34,58.0,99.0,58.0,1.0,28.0,67.0,64.0,0.1,,,,,,,
E118,Company B,Marketing,Declining,-3,89.52,58.0,99.0,58.0,1.0,28.0,67.0,64.0,0.1,,,,,,,
E118,Company B,Marketing,Declining,-2,90.93,58.0,99.0,58.0,1.0,28.0,67.0,64.0,0.1,,,,,,,
E118,Company B,Marketing,Declining,-1,87.32,58.0,99.0,58.0,1.0,28.0,67.0,64.0,0.1,,,,,,,
E118,Company B,Marketing,Declining,0,62.43,58.0,99.0,58.0,1.0,28.0,67.0,64.0,0.1,,,,,,,
E118,Company B,Marketing,Declining,1,59.76,58.0,99.0,58.0,1.0,28.0,67.0,64.0,0.1,,,,,,,
E118,Company B,Marketing,Declining,2,65.41,58.0,99.0,58.0,1.0,28.0,67.0,64.0,0.1,,,,,,,
E118,Company B,Marketing,Declining,3,62.28,58.0,99.0,58.0,1.0,28.0,67.0,64.0,0.1,,,,,,,
E118,Company B,Marketing,Declining,4,63.39,58.0,99.0,58.0,1.0,28.0,67.0,64.0,0.1,,,,,,,
E118,Company B,Marketing,Declining,5,63.27,58.0,99.0,58.0,1.0,28.0,67.0,64.0,0.1,,,,,,,
E118,Company B,Marketing,Declining,6,64.48,58.0,99.0,58.0,1.0,28.0,67.0,64.0,0.1,,,,,,,
E119,Company B,Sales,Stable Specialist,-6,76.79,84.0,24.0,27.0,14.0,3.0,92.0,72.0,0.6,,,,,,,
E119,Company B,Sales,Stable Specialist,-5,82.27,84.0,24.0,27.0,14.0,3.0,92.0,72.0,0.6,,,,,,,
E119,Company B,Sales,Stable Specialist,-4,81.91,84.0,24.0,27.0,14.0,3.0,92.0,72.0,0.6,,,,,,,
E119,Company B,Sales,Stable Specialist,-3,81.01,84.0,24.0,27.0,14.0,3.0,92.0,72.0,0.6,,,,,,,
E119,Company B,Sales,Stable Specialist,-2,77.58,84.0,24.0,27.0,14.0,3.0,92.0,72.0,0.6,,,,,,,
E119,Company B,Sales,Stable Specialist,-1,77.89,84.0,24.0,27.0,14.0,3.0,92.0,72.0,0.6,,,,,,,
E119,Company B,Sales,Stable Specialist,0,64.06,84.0,24.0,27.0,14.0,3.0,92.0,72.0,0.6,,,,,,,
E119,Company B,Sales,Stable Specialist,1,72.21,84.0,24.0,27.0,14.0,3.0,92.0,72.0,0.6,,,,,,,
E119,Company B,Sales,Stable Specialist,2,72.07,84.0,24.0,27.0,14.0,3.0,92.0,72.0,0.6,,,,,,,
E119,Company B,Sales,Stable Specialist,3,74.81,84.0,24.0,27.0,14.0,3.0,92.0,72.0,0.6,,,,,,,
E119,Company B,Sales,Stable Specialist,4,84.27,84.0,24.0,27.0,14.0,3.0,92.0,72.0,0.6,,,,,,,
E119,Company B,Sales,Stable Specialist,5,86.74,84.0,24.0,27.0,14.0,3.0,92.0,72.0,0.6,,,,,,,
E119,Company B,Sales,Stable Specialist,6,88.01,84.0,24.0,27.0,14.0,3.0,92.0,72.0,0.6,,,,,,,
E120,Company B,Marketing,Declining,-6,68.74,2.0,73.0,64.0,90.0,7.0,50.0,80.0,0.1,,,,,,,
E120,Company B,Marketing,Declining,-5,63.77,2.0,73.0,64.0,90.0,7.0,50.0,80.0,0.1,,,,,,,
E120,Company B,Marketing,Declining,-4,67.78,2.0,73.0,64.0,90.0,7.0,50.0,80.0,0.1,,,,,,,
E120,Company B,Marketing,Declining,-3,68.83,2.0,73.0,64.0,90.0,7.0,50.0,80.0,0.1,,,,,,,
E120,Company B,Marketing,Declining,-2,66.67,2.0,73.0,64.0,90.0,7.0,50.0,80.0,0.1,,,,,,,
E120,Company B,Marketing,Declining,-1,69.42,2.0,73.0,64.0,90.0,7.0,50.0,80.0,0.1,,,,,,,
E120,Company B,Marketing,Declining,0,46.47,2.0,73.0,64.0,90.0,7.0,50.0,80.0,0.1,,,,,,,
E120,Company B,Marketing,Declining,1,49.42,2.0,73.0,64.0,90.0,7.0,50.0,80.0,0.1,,,,,,,
E120,Company B,Marketing,Declining,2,43.59,2.0,73.0,64.0,90.0,7.0,50.0,80.0,0.1,,,,,,,
E120,Company B,Marketing,Declining,3,46.71,2.0,73.0,64.0,90.0,7.0,50.0,80.0,0.1,,,,,,,
E120,Company B,Marketing,Declining,4,42.97,2.0,73.0,64.0,90.0,7.0,50.0,80.0,0.1,,,,,,,
E120,Company B,Marketing,Declining,5,41.73,2.0,73.0,64.0,90.0,7.0,50.0,80.0,0.1,,,,,,,
E120,Company B,Marketing,Declining,6,40.84,2.0,73.0,64.0,90.0,7.0,50.0,80.0,0.1,,,,,,,
E121,Company B,IT,Rapid Adaptor,-6,78.84,97.0,62.0,21.0,10.0,57.0,56.0,76.0,0.8,,,,,,,
E121,Company B,IT,Rapid Adaptor,-5,82.65,97.0,62.0,21.0,10.0,57.0,56.0,76.0,0.8,,,,,,,
E121,Company B,IT,Rapid Adaptor,-4,81.3,97.0,62.0,21.0,10.0,57.0,56.0,76.0,0.8,,,,,,,
E121,Company B,IT,Rapid Adaptor,-3,81.69,97.0,62.0,21.0,10.0,57.0,56.0,76.0,0.8,,,,,,,
E121,Company B,IT,Rapid Adaptor,-2,85.57,97.0,62.0,21.0,10.0,57.0,56.0,76.0,0.8,,,,,,,
E121,Company B,IT,Rapid Adaptor,-1,80.17,97.0,62.0,21.0,10.0,57.0,56.0,76.0,0.8,,,,,,,
E121,Company B,IT,Rapid Adaptor,0,73.5,97.0,62.0,21.0,10.0,57.0,56.0,76.0,0.8,,,,,,,
E121,Company B,IT,Rapid Adaptor,1,75.47,97.0,62.0,21.0,10.0,57.0,56.0,76.0,0.8,,,,,,,
E121,Company B,IT,Rapid Adaptor,2,79.63,97.0,62.0,21.0,10.0,57.0,56.0,76.0,0.8,,,,,,,
E121,Company B,IT,Rapid Adaptor,3,85.93,97.0,62.0,21.0,10.0,57.0,56.0,76.0,0.8,,,,,,,
E121,Company B,IT,Rapid Adaptor,4,89.18,97.0,62.0,21.0,10.0,57.0,56.0,76.0,0.8,,,,,,,
E121,Company B,IT,Rapid Adaptor,5,93.8,97.0,62.0,21.0,10.0,57.0,56.0,76.0,0.8,,,,,,,
E121,Company B,IT,Rapid Adaptor,6,98.75,97.0,62.0,21.0,10.0,57.0,56.0,76.0,0.8,,,,,,,
E122,Company B,Marketing,Rapid Adaptor,-6,81.28,22.0,24.0,20.0,60.0,62.0,51.0,87.0,0.8,,,,,,,
E122,Company B,Marketing,Rapid Adaptor,-5,76.98,22.0,24.0,20.0,60.0,62.0,51.0,87.0,0.8,,,,,,,
E122,Company B,Marketing,Rapid Adaptor,-4,76.54,22.0,24.0,20.0,60.0,62.0,51.0,87.0,0.8,,,,,,,
E122,Company B,Marketing,Rapid Adaptor,-3,80.69,22.0,24.0,20.0,60.0,62.0,51.0,87.0,0.8,,,,,,,
E122,Company B,Marketing,Rapid Adaptor,-2,79.29,22.0,24.0,20.0,60.0,62.0,51.0,87.0,0.8,,,,,,,
E122,Company B,Marketing,Rapid Adaptor,-1,81.4,22.0,24.0,20.0,60.0,62.0,51.0,87.0,0.8,,,,,,,
E122,Company B,Marketing,Rapid Adaptor,0,62.68,22.0,24.0,20.0,60.0,62.0,51.0,87.0,0.8,,,,,,,
E122,Company B,Marketing,Rapid Adaptor,1,68.23,22.0,24.0,20.0,60.0,62.0,51.0,87.0,0.8,,,,,,,
E122,Company B,Marketing,Rapid Adaptor,2,75.13,22.0,24.0,20.0,60.0,62.0,51.0,87.0,0.8,,,,,,,
E122,Company B,Marketing,Rapid Adaptor,3,80.0,22.0,24.0,20.0,60.0,62.0,51.0,87.0,0.8,,,,,,,
E122,Company B,Marketing,Rapid Adaptor,4,84.93,22.0,24.0,20.0,60.0,62.0,51.0,87.0,0.8,,,,,,,
E122,Company B,Marketing,Rapid Adaptor,5,87.65,22.0,24.0,20.0,60.0,62.0,51.0,87.0,0.8,,,,,,,
E122,Company B,Marketing,Rapid Adaptor,6,91.7,22.0,24.0,20.0,60.0,62.0,51.0,87.0,0.8,,,,,,,
E123,Company B,Marketing,Resilient,-6,77.58,28.0,36.0,86.0,12.0,31.0,45.0,22.0,0.9,,,,,,,
E123,Company B,Marketing,Resilient,-5,78.71,28.0,36.0,86.0,12.0,31.0,45.0,22.0,0.9,,,,,,,
E123,Company B,Marketing,Resilient,-4,80.75,28.0,36.0,86.0,12.0,31.0,45.0,22.0,0.9,,,,,,,
E123,Company B,Marketing,Resilient,-3,77.16,28.0,36.0,86.0,12.0,31.0,45.0,22.0,0.9,,,,,,,
E123,Company B,Marketing,Resilient,-2,80.44,28.0,36.0,86.0,12.0,31.0,45.0,22.0,0.9,,,,,,,
E123,Company B,Marketing,Resilient,-1,74.39,28.0,36.0,86.0,12.0,31.0,45.0,22.0,0.9,,,,,,,
E123,Company B,Marketing,Resilient,0,74.08,28.0,36.0,86.0,12.0,31.0,45.0,22.0,0.9,,,,,,,
E123,Company B,Marketing,Resilient,1,81.83,28.0,36.0,86.0,12.0,31.0,45.0,22.0,0.9,,,,,,,
E123,Company B,Marketing,Resilient,2,83.24,28.0,36.0,86.0,12.0,31.0,45.0,22.0,0.9,,,,,,,
E123,Company B,Marketing,Resilient,3,92.35,28.0,36.0,86.0,12.0,31.0,45.0,22.0,0.9,,,,,,,
E123,Company B,Marketing,Resilient,4,99.48,28.0,36.0,86.0,12.0,31.0,45.0,22.0,0.9,,,,,,,
E123,Company B,Marketing,Resilient,5,100.0,28.0,36.0,86.0,12.0,31.0,45.0,22.0,0.9,,,,,,,
E123,Company B,Marketing,Resilient,6,100.0,28.0,36.0,86.0,12.0,31.0,45.0,22.0,0.9,,,,,,,
E124,Company B,Marketing,Declining,-6,71.94,27.0,23.0,71.0,8.0,46.0,32.0,61.0,0.1,,,,,,,
E124,Company B,Marketing,Declining,-5,73.34,27.0,23.0,71.0,8.0,46.0,32.0,61.0,0.1,,,,,,,
E124,Company B,Marketing,Declining,-4,69.32,27.0,23.0,71.0,8.0,46.0,32.0,61.0,0.1,,,,,,,
E124,Company B,Marketing,Declining,-3,69.12,27.0,23.0,71.0,8.0,46.0,32.0,61.0,0.1,,,,,,,
E124,Company B,Marketing,Declining,-2,68.23,27.0,23.0,71.0,8.0,46.0,32.0,61.0,0.1,,,,,,,
E124,Company B,Marketing,Declining,-1,74.83,27.0,23.0,71.0,8.0,46.0,32.0,61.0,0.1,,,,,,,
E124,Company B,Marketing,Declining,0,56.83,27.0,23.0,71.0,8.0,46.0,32.0,61.0,0.1,,,,,,,
E124,Company B,Marketing,Declining,1,54.38,27.0,23.0,71.0,8.0,46.0,32.0,61.0,0.1,,,,,,,
E124,Company B,Marketing,Declining,2,58.72,27.0,23.0,71.0,8.0,46.0,32.0,61.0,0.1,,,,,,,
E124,Company B,Marketing,Declining,3,55.05,27.0,23.0,71.0,8.0,46.0,32.0,61.0,0.1,,,,,,,
E124,Company B,Marketing,Declining,4,57.1,27.0,23.0,71.0,8.0,46.0,32.0,61.0,0.1,,,,,,,
E124,Company B,Marketing,Declining,5,56.06,27.0,23.0,71.0,8.0,46.0,32.0,61.0,0.1,,,,,,,
E124,Company B,Marketing,Declining,6,57.23,27.0,23.0,71.0,8.0,46.0,32.0,61.0,0.1,,,,,,,
E125,Company B,Operations,Rapid Adaptor,-6,89.43,48.0,52.0,64.0,61.0,16.0,42.0,24.0,0.8,,,,,,,
E125,Company B,Operations,Rapid Adaptor,-5,85.48,48.0,52.0,64.0,61.0,16.0,42.0,24.0,0.8,,,,,,,
E125,Company B,Operations,Rapid Adaptor,-4,86.74,48.0,52.0,64.0,61.0,16.0,42.0,24.0,0.8,,,,,,,
E125,Company B,Operations,Rapid Adaptor,-3,87.28,48.0,52.0,64.0,61.0,16.0,42.0,24.0,0.8,,,,,,,
E125,Company B,Operations,Rapid Adaptor,-2,86.72,48.0,52.0,64.0,61.0,16.0,42.0,24.0,0.8,,,,,,,
E125,Company B,Operations,Rapid Adaptor,-1,87.84,48.0,52.0,64.0,61.0,16.0,42.0,24.0,0.8,,,,,,,
E125,Company B,Operations,Rapid Adaptor,0,79.7,48.0,52.0,64.0,61.0,16.0,42.0,24.0,0.8,,,,,,,
E125,Company B,Operations,Rapid Adaptor,1,81.15,48.0,52.0,64.0,61.0,16.0,42.0,24.0,0.8,,,,,,,
E125,Company B,Operations,Rapid Adaptor,2,88.89,48.0,52.0,64.0,61.0,16.0,42.0,24.0,0.8,,,,,,,
E125,Company B,Operations,Rapid Adaptor,3,89.14,48.0,52.0,64.0,61.0,16.0,42.0,24.0,0.8,,,,,,,
E125,Company B,Operations,Rapid Adaptor,4,94.39,48.0,52.0,64.0,61.0,16.0,42.0,24.0,0.8,,,,,,,
E125,Company B,Operations,Rapid Adaptor,5,96.99,48.0,52.0,64.0,61.0,16.0,42.0,24.0,0.8,,,,,,,
E125,Company B,Operations,Rapid Adaptor,6,100.0,48.0,52.0,64.0,61.0,16.0,42.0,24.0,0.8,,,,,,,
E126,Company B,Sales,Resilient,-6,87.98,44.0,14.0,2.0,10.0,52.0,45.0,29.0,0.9,,,,,,,
E126,Company B,Sales,Resilient,-5,89.27,44.0,14.0,2.0,10.0,52.0,45.0,29.0,0.9,,,,,,,
E126,Company B,Sales,Resilient,-4,88.15,44.0,14.0,2.0,10.0,52.0,45.0,29.0,0.9,,,,,,,
E126,Company B,Sales,Resilient,-3,90.47,44.0,14.0,2.0,10.0,52.0,45.0,29.0,0.9,,,,,,,
E126,Company B,Sales,Resilient,-2,87.82,44.0,14.0,2.0,10.0,52.0,45.0,29.0,0.9,,,,,,,
E126,Company B,Sales,Resilient,-1,89.63,44.0,14.0,2.0,10.0,52.0,45.0,29.0,0.9,,,,,,,
E126,Company B,Sales,Resilient,0,88.65,44.0,14.0,2.0,10.0,52.0,45.0,29.0,0.9,,,,,,,
E126,Company B,Sales,Resilient,1,91.16,44.0,14.0,2.0,10.0,52.0,45.0,29.0,0.9,,,,,,,
E126,Company B,Sales,Resilient,2,96.88,44.0,14.0,2.0,10.0,52.0,45.0,29.0,0.9,,,,,,,
E126,Company B,Sales,Resilient,3,100.0,44.0,14.0,2.0,10.0,52.0,45.0,29.0,0.9,,,,,,,
E126,Company B,Sales,Resilient,4,100.0,44.0,14.0,2.0,10.0,52.0,45.0,29.0,0.9,,,,,,,
E126,Company B,Sales,Resilient,5,100.0,44.0,14.0,2.0,10.0,52.0,45.0,29.0,0.9,,,,,,,
E126,Company B,Sales,Resilient,6,100.0,44.0,14.0,2.0,10.0,52.0,45.0,29.0,0.9,,,,,,,
E127,Company B,Marketing,Stable Specialist,-6,75.44,54.0,61.0,3.0,59.0,74.0,94.0,95.0,0.6,,,,,,,
E127,Company B,Marketing,Stable Specialist,-5,71.76,54.0,61.0,3.0,59.0,74.0,94.0,95.0,0.6,,,,,,,
E127,Company B,Marketing,Stable Specialist,-4,74.25,54.0,61.0,3.0,59.0,74.0,94.0,95.0,0.6,,,,,,,
E127,Company B,Marketing,Stable Specialist,-3,74.01,54.0,61.0,3.0,59.0,74.0,94.0,95.0,0.6,,,,,,,
E127,Company B,Marketing,Stable Specialist,-2,72.05,54.0,61.0,3.0,59.0,74.0,94.0,95.0,0.6,,,,,,,
E127,Company B,Marketing,Stable Specialist,-1,72.72,54.0,61.0,3.0,59.0,74.0,94.0,95.0,0.6,,,,,,,
E127,Company B,Marketing,Stable Specialist,0,59.02,54.0,61.0,3.0,59.0,74.0,94.0,95.0,0.6,,,,,,,
E127,Company B,Marketing,Stable Specialist,1,58.33,54.0,61.0,3.0,59.0,74.0,94.0,95.0,0.6,,,,,,,
E127,Company B,Marketing,Stable Specialist,2,63.58,54.0,61.0,3.0,59.0,74.0,94.0,95.0,0.6,,,,,,,
E127,Company B,Marketing,Stable Specialist,3,68.46,54.0,61.0,3.0,59.0,74.0,94.0,95.0,0.6,,,,,,,
E127,Company B,Marketing,Stable Specialist,4,72.21,54.0,61.0,3.0,59.0,74.0,94.0,95.0,0.6,,,,,,,
E127,Company B,Marketing,Stable Specialist,5,70.56,54.0,61.0,3.0,59.0,74.0,94.0,95.0,0.6,,,,,,,
E127,Company B,Marketing,Stable Specialist,6,75.9,54.0,61.0,3.0,59.0,74.0,94.0,95.0,0.6,,,,,,,
E128,Company B,Finance,Rapid Adaptor,-6,72.78,16.0,15.0,86.0,94.0,2.0,20.0,63.0,0.8,,,,,,,
E128,Company B,Finance,Rapid Adaptor,-5,75.13,16.0,15.0,86.0,94.0,2.0,20.0,63.0,0.8,,,,,,,
E128,Company B,Finance,Rapid Adaptor,-4,72.47,16.0,15.0,86.0,94.0,2.0,20.0,63.0,0.8,,,,,,,
E128,Company B,Finance,Rapid Adaptor,-3,70.46,16.0,15.0,86.0,94.0,2.0,20.0,63.0,0.8,,,,,,,
E128,Company B,Finance,Rapid Adaptor,-2,68.56,16.0,15.0,86.0,94.0,2.0,20.0,63.0,0.8,,,,,,,
E128,Company B,Finance,Rapid Adaptor,-1,70.35,16.0,15.0,86.0,94.0,2.0,20.0,63.0,0.8,,,,,,,
E128,Company B,Finance,Rapid Adaptor,0,71.11,16.0,15.0,86.0,94.0,2.0,20.0,63.0,0.8,,,,,,,
E128,Company B,Finance,Rapid Adaptor,1,70.24,16.0,15.0,86.0,94.0,2.0,20.0,63.0,0.8,,,,,,,
E128,Company B,Finance,Rapid Adaptor,2,78.12,16.0,15.0,86.0,94.0,2.0,20.0,63.0,0.8,,,,,,,
E128,Company B,Finance,Rapid Adaptor,3,84.13,16.0,15.0,86.0,94.0,2.0,20.0,63.0,0.8,,,,,,,
E128,Company B,Finance,Rapid Adaptor,4,87.29,16.0,15.0,86.0,94.0,2.0,20.0,63.0,0.8,,,,,,,
E128,Company B,Finance,Rapid Adaptor,5,92.17,16.0,15.0,86.0,94.0,2.0,20.0,63.0,0.8,,,,,,,
E128,Company B,Finance,Rapid Adaptor,6,97.34,16.0,15.0,86.0,94.0,2.0,20.0,63.0,0.8,,,,,,,
E129,Company B,Marketing,Rapid Adaptor,-6,74.75,22.0,17.0,61.0,95.0,61.0,37.0,66.0,0.8,,,,,,,
E129,Company B,Marketing,Rapid Adaptor,-5,71.29,22.0,17.0,61.0,95.0,61.0,37.0,66.0,0.8,,,,,,,
E129,Company B,Marketing,Rapid Adaptor,-4,71.86,22.0,17.0,61.0,95.0,61.0,37.0,66.0,0.8,,,,,,,
E129,Company B,Marketing,Rapid Adaptor,-3,74.84,22.0,17.0,61.0,95.0,61.0,37.0,66.0,0.8,,,,,,,
E129,Company B,Marketing,Rapid Adaptor,-2,71.75,22.0,17.0,61.0,95.0,61.0,37.0,66.0,0.8,,,,,,,
E129,Company B,Marketing,Rapid Adaptor,-1,74.57,22.0,17.0,61.0,95.0,61.0,37.0,66.0,0.8,,,,,,,
E129,Company B,Marketing,Rapid Adaptor,0,54.97,22.0,17.0,61.0,95.0,61.0,37.0,66.0,0.8,,,,,,,
E129,Company B,Marketing,Rapid Adaptor,1,63.69,22.0,17.0,61.0,95.0,61.0,37.0,66.0,0.8,,,,,,,
E129,Company B,Marketing,Rapid Adaptor,2,63.81,22.0,17.0,61.0,95.0,61.0,37.0,66.0,0.8,,,,,,,
E129,Company B,Marketing,Rapid Adaptor,3,71.67,22.0,17.0,61.0,95.0,61.0,37.0,66.0,0.8,,,,,,,
E129,Company B,Marketing,Rapid Adaptor,4,76.1,22.0,17.0,61.0,95.0,61.0,37.0,66.0,0.8,,,,,,,
E129,Company B,Marketing,Rapid Adaptor,5,77.74,22.0,17.0,61.0,95.0,61.0,37.0,66.0,0.8,,,,,,,
E129,Company B,Marketing,Rapid Adaptor,6,84.59,22.0,17.0,61.0,95.0,61.0,37.0,66.0,0.8,,,,,,,
E130,Company B,IT,Resilient,-6,84.77,27.0,7.0,0.0,36.0,62.0,21.0,69.0,0.9,,,,,,,
E130,Company B,IT,Resilient,-5,86.07,27.0,7.0,0.0,36.0,62.0,21.0,69.0,0.9,,,,,,,
E130,Company B,IT,Resilient,-4,87.4,27.0,7.0,0.0,36.0,62.0,21.0,69.0,0.9,,,,,,,
E130,Company B,IT,Resilient,-3,85.92,27.0,7.0,0.0,36.0,62.0,21.0,69.0,0.9,,,,,,,
E130,Company B,IT,Resilient,-2,86.12,27.0,7.0,0.0,36.0,62.0,21.0,69.0,0.9,,,,,,,
E130,Company B,IT,Resilient,-1,82.46,27.0,7.0,0.0,36.0,62.0,21.0,69.0,0.9,,,,,,,
E130,Company B,IT,Resilient,0,78.07,27.0,7.0,0.0,36.0,62.0,21.0,69.0,0.9,,,,,,,
E130,Company B,IT,Resilient,1,87.75,27.0,7.0,0.0,36.0,62.0,21.0,69.0,0.9,,,,,,,
E130,Company B,IT,Resilient,2,90.08,27.0,7.0,0.0,36.0,62.0,21.0,69.0,0.9,,,,,,,
E130,Company B,IT,Resilient,3,99.25,27.0,7.0,0.0,36.0,62.0,21.0,69.0,0.9,,,,,,,
E130,Company B,IT,Resilient,4,99.59,27.0,7.0,0.0,36.0,62.0,21.0,69.0,0.9,,,,,,,
E130,Company B,IT,Resilient,5,100.0,27.0,7.0,0.0,36.0,62.0,21.0,69.0,0.9,,,,,,,
E130,Company B,IT,Resilient,6,100.0,27.0,7.0,0.0,36.0,62.0,21.0,69.0,0.9,,,,,,,
E131,Company B,Finance,Stable Specialist,-6,72.7,19.0,11.0,42.0,60.0,30.0,90.0,95.0,0.6,,,,,,,
E131,Company B,Finance,Stable Specialist,-5,72.9,19.0,11.0,42.0,60.0,30.0,90.0,95.0,0.6,,,,,,,
E131,Company B,Finance,Stable Specialist,-4,72.73,19.0,11.0,42.0,60.0,30.0,90.0,95.0,0.6,,,,,,,
E131,Company B,Finance,Stable Specialist,-3,74.46,19.0,11.0,42.0,60.0,30.0,90.0,95.0,0.6,,,,,,,
E131,Company B,Finance,Stable Specialist,-2,77.25,19.0,11.0,42.0,60.0,30.0,90.0,95.0,0.6,,,,,,,
E131,Company B,Finance,Stable Specialist,-1,72.99,19.0,11.0,42.0,60.0,30.0,90.0,95.0,0.6,,,,,,,
E131,Company B,Finance,Stable Specialist,0,63.03,19.0,11.0,42.0,60.0,30.0,90.0,95.0,0.6,,,,,,,
E131,Company B,Finance,Stable Specialist,1,65.11,19.0,11.0,42.0,60.0,30.0,90.0,95.0,0.6,,,,,,,
E131,Company B,Finance,Stable Specialist,2,67.06,19.0,11.0,42.0,60.0,30.0,90.0,95.0,0.6,,,,,,,
E131,Company B,Finance,Stable Specialist,3,70.02,19.0,11.0,42.0,60.0,30.0,90.0,95.0,0.6,,,,,,,
E131,Company B,Finance,Stable Specialist,4,74.71,19.0,11.0,42.0,60.0,30.0,90.0,95.0,0.6,,,,,,,
E131,Company B,Finance,Stable Specialist,5,80.67,19.0,11.0,42.0,60.0,30.0,90.0,95.0,0.6,,,,,,,
E131,Company B,Finance,Stable Specialist,6,85.91,19.0,11.0,42.0,60.0,30.0,90.0,95.0,0.6,,,,,,,
E132,Company B,Operations,Rapid Adaptor,-6,73.34,60.0,42.0,24.0,19.0,47.0,82.0,86.0,0.8,,,,,,,
E132,Company B,Operations,Rapid Adaptor,-5,78.79,60.0,42.0,24.0,19.0,47.0,82.0,86.0,0.8,,,,,,,
E132,Company B,Operations,Rapid Adaptor,-4,79.31,60.0,42.0,24.0,19.0,47.0,82.0,86.0,0.8,,,,,,,
E132,Company B,Operations,Rapid Adaptor,-3,76.36,60.0,42.0,24.0,19.0,47.0,82.0,86.0,0.8,,,,,,,
E132,Company B,Operations,Rapid Adaptor,-2,77.79,60.0,42.0,24.0,19.0,47.0,82.0,86.0,0.8,,,,,,,
E132,Company B,Operations,Rapid Adaptor,-1,81.45,60.0,42.0,24.0,19.0,47.0,82.0,86.0,0.8,,,,,,,
E132,Company B,Operations,Rapid Adaptor,0,60.41,60.0,42.0,24.0,19.0,47.0,82.0,86.0,0.8,,,,,,,
E132,Company B,Operations,Rapid Adaptor,1,63.66,60.0,42.0,24.0,19.0,47.0,82.0,86.0,0.8,,,,,,,
E132,Company B,Operations,Rapid Adaptor,2,73.11,60.0,42.0,24.0,19.0,47.0,82.0,86.0,0.8,,,,,,,
E132,Company B,Operations,Rapid Adaptor,3,78.43,60.0,42.0,24.0,19.0,47.0,82.0,86.0,0.8,,,,,,,
E132,Company B,Operations,Rapid Adaptor,4,78.87,60.0,42.0,24.0,19.0,47.0,82.0,86.0,0.8,,,,,,,
E132,Company B,Operations,Rapid Adaptor,5,85.25,60.0,42.0,24.0,19.0,47.0,82.0,86.0,0.8,,,,,,,
E132,Company B,Operations,Rapid Adaptor,6,90.27,60.0,42.0,24.0,19.0,47.0,82.0,86.0,0.8,,,,,,,
E133,Company B,HR,Delayed Adaptor,-6,91.94,64.0,14.0,75.0,21.0,85.0,46.0,80.0,0.5,,,,,,,
E133,Company B,HR,Delayed Adaptor,-5,94.37,64.0,14.0,75.0,21.0,85.0,46.0,80.0,0.5,,,,,,,
E133,Company B,HR,Delayed Adaptor,-4,92.97,64.0,14.0,75.0,21.0,85.0,46.0,80.0,0.5,,,,,,,
E133,Company B,HR,Delayed Adaptor,-3,92.09,64.0,14.0,75.0,21.0,85.0,46.0,80.0,0.5,,,,,,,
E133,Company B,HR,Delayed Adaptor,-2,92.19,64.0,14.0,75.0,21.0,85.0,46.0,80.0,0.5,,,,,,,
E133,Company B,HR,Delayed Adaptor,-1,91.35,64.0,14.0,75.0,21.0,85.0,46.0,80.0,0.5,,,,,,,
E133,Company B,HR,Delayed Adaptor,0,74.31,64.0,14.0,75.0,21.0,85.0,46.0,80.0,0.5,,,,,,,
E133,Company B,HR,Delayed Adaptor,1,70.63,64.0,14.0,75.0,21.0,85.0,46.0,80.0,0.5,,,,,,,
E133,Company B,HR,Delayed Adaptor,2,77.58,64.0,14.0,75.0,21.0,85.0,46.0,80.0,0.5,,,,,,,
E133,Company B,HR,Delayed Adaptor,3,81.15,64.0,14.0,75.0,21.0,85.0,46.0,80.0,0.5,,,,,,,
E133,Company B,HR,Delayed Adaptor,4,80.86,64.0,14.0,75.0,21.0,85.0,46.0,80.0,0.5,,,,,,,
E133,Company B,HR,Delayed Adaptor,5,86.42,64.0,14.0,75.0,21.0,85.0,46.0,80.0,0.5,,,,,,,
E133,Company B,HR,Delayed Adaptor,6,87.73,64.0,14.0,75.0,21.0,85.0,46.0,80.0,0.5,,,,,,,
E134,Company B,HR,Stable Specialist,-6,78.54,21.0,19.0,7.0,28.0,39.0,89.0,29.0,0.6,,,,,,,
E134,Company B,HR,Stable Specialist,-5,78.68,21.0,19.0,7.0,28.0,39.0,89.0,29.0,0.6,,,,,,,
E134,Company B,HR,Stable Specialist,-4,74.91,21.0,19.0,7.0,28.0,39.0,89.0,29.0,0.6,,,,,,,
E134,Company B,HR,Stable Specialist,-3,77.15,21.0,19.0,7.0,28.0,39.0,89.0,29.0,0.6,,,,,,,
E134,Company B,HR,Stable Specialist,-2,82.19,21.0,19.0,7.0,28.0,39.0,89.0,29.0,0.6,,,,,,,
E134,Company B,HR,Stable Specialist,-1,79.49,21.0,19.0,7.0,28.0,39.0,89.0,29.0,0.6,,,,,,,
E134,Company B,HR,Stable Specialist,0,66.37,21.0,19.0,7.0,28.0,39.0,89.0,29.0,0.6,,,,,,,
E134,Company B,HR,Stable Specialist,1,69.92,21.0,19.0,7.0,28.0,39.0,89.0,29.0,0.6,,,,,,,
E134,Company B,HR,Stable Specialist,2,73.61,21.0,19.0,7.0,28.0,39.0,89.0,29.0,0.6,,,,,,,
E134,Company B,HR,Stable Specialist,3,80.37,21.0,19.0,7.0,28.0,39.0,89.0,29.0,0.6,,,,,,,
E134,Company B,HR,Stable Specialist,4,85.61,21.0,19.0,7.0,28.0,39.0,89.0,29.0,0.6,,,,,,,
E134,Company B,HR,Stable Specialist,5,87.31,21.0,19.0,7.0,28.0,39.0,89.0,29.0,0.6,,,,,,,
E134,Company B,HR,Stable Specialist,6,90.21,21.0,19.0,7.0,28.0,39.0,89.0,29.0,0.6,,,,,,,
E135,Company B,Operations,Vulnerable,-6,77.23,11.0,48.0,16.0,63.0,41.0,93.0,28.0,0.25,,,,,,,
E135,Company B,Operations,Vulnerable,-5,78.37,11.0,48.0,16.0,63.0,41.0,93.0,28.0,0.25,,,,,,,
E135,Company B,Operations,Vulnerable,-4,75.63,11.0,48.0,16.0,63.0,41.0,93.0,28.0,0.25,,,,,,,
E135,Company B,Operations,Vulnerable,-3,77.74,11.0,48.0,16.0,63.0,41.0,93.0,28.0,0.25,,,,,,,
E135,Company B,Operations,Vulnerable,-2,78.15,11.0,48.0,16.0,63.0,41.0,93.0,28.0,0.25,,,,,,,
E135,Company B,Operations,Vulnerable,-1,78.21,11.0,48.0,16.0,63.0,41.0,93.0,28.0,0.25,,,,,,,
E135,Company B,Operations,Vulnerable,0,62.59,11.0,48.0,16.0,63.0,41.0,93.0,28.0,0.25,,,,,,,
E135,Company B,Operations,Vulnerable,1,64.54,11.0,48.0,16.0,63.0,41.0,93.0,28.0,0.25,,,,,,,
E135,Company B,Operations,Vulnerable,2,67.22,11.0,48.0,16.0,63.0,41.0,93.0,28.0,0.25,,,,,,,
E135,Company B,Operations,Vulnerable,3,69.61,11.0,48.0,16.0,63.0,41.0,93.0,28.0,0.25,,,,,,,
E135,Company B,Operations,Vulnerable,4,68.16,11.0,48.0,16.0,63.0,41.0,93.0,28.0,0.25,,,,,,,
E135,Company B,Operations,Vulnerable,5,68.64,11.0,48.0,16.0,63.0,41.0,93.0,28.0,0.25,,,,,,,
E135,Company B,Operations,Vulnerable,6,70.56,11.0,48.0,16.0,63.0,41.0,93.0,28.0,0.25,,,,,,,
E136,Company B,Sales,Vulnerable,-6,73.1,95.0,35.0,100.0,25.0,85.0,3.0,94.0,0.25,,,,,,,
E136,Company B,Sales,Vulnerable,-5,69.94,95.0,35.0,100.0,25.0,85.0,3.0,94.0,0.25,,,,,,,
E136,Company B,Sales,Vulnerable,-4,67.66,95.0,35.0,100.0,25.0,85.0,3.0,94.0,0.25,,,,,,,
E136,Company B,Sales,Vulnerable,-3,68.68,95.0,35.0,100.0,25.0,85.0,3.0,94.0,0.25,,,,,,,
E136,Company B,Sales,Vulnerable,-2,72.11,95.0,35.0,100.0,25.0,85.0,3.0,94.0,0.25,,,,,,,
E136,Company B,Sales,Vulnerable,-1,70.33,95.0,35.0,100.0,25.0,85.0,3.0,94.0,0.25,,,,,,,
E136,Company B,Sales,Vulnerable,0,50.81,95.0,35.0,100.0,25.0,85.0,3.0,94.0,0.25,,,,,,,
E136,Company B,Sales,Vulnerable,1,53.17,95.0,35.0,100.0,25.0,85.0,3.0,94.0,0.25,,,,,,,
E136,Company B,Sales,Vulnerable,2,54.0,95.0,35.0,100.0,25.0,85.0,3.0,94.0,0.25,,,,,,,
E136,Company B,Sales,Vulnerable,3,58.7,95.0,35.0,100.0,25.0,85.0,3.0,94.0,0.25,,,,,,,
E136,Company B,Sales,Vulnerable,4,55.64,95.0,35.0,100.0,25.0,85.0,3.0,94.0,0.25,,,,,,,
E136,Company B,Sales,Vulnerable,5,56.94,95.0,35.0,100.0,25.0,85.0,3.0,94.0,0.25,,,,,,,
E136,Company B,Sales,Vulnerable,6,57.43,95.0,35.0,100.0,25.0,85.0,3.0,94.0,0.25,,,,,,,
E137,Company B,Sales,Stable Specialist,-6,81.71,75.0,39.0,16.0,14.0,14.0,78.0,62.0,0.6,,,,,,,
E137,Company B,Sales,Stable Specialist,-5,83.83,75.0,39.0,16.0,14.0,14.0,78.0,62.0,0.6,,,,,,,
E137,Company B,Sales,Stable Specialist,-4,83.09,75.0,39.0,16.0,14.0,14.0,78.0,62.0,0.6,,,,,,,
E137,Company B,Sales,Stable Specialist,-3,88.0,75.0,39.0,16.0,14.0,14.0,78.0,62.0,0.6,,,,,,,
E137,Company B,Sales,Stable Specialist,-2,83.01,75.0,39.0,16.0,14.0,14.0,78.0,62.0,0.6,,,,,,,
E137,Company B,Sales,Stable Specialist,-1,87.48,75.0,39.0,16.0,14.0,14.0,78.0,62.0,0.6,,,,,,,
E137,Company B,Sales,Stable Specialist,0,68.27,75.0,39.0,16.0,14.0,14.0,78.0,62.0,0.6,,,,,,,
E137,Company B,Sales,Stable Specialist,1,69.0,75.0,39.0,16.0,14.0,14.0,78.0,62.0,0.6,,,,,,,
E137,Company B,Sales,Stable Specialist,2,74.77,75.0,39.0,16.0,14.0,14.0,78.0,62.0,0.6,,,,,,,
E137,Company B,Sales,Stable Specialist,3,77.01,75.0,39.0,16.0,14.0,14.0,78.0,62.0,0.6,,,,,,,
E137,Company B,Sales,Stable Specialist,4,81.6,75.0,39.0,16.0,14.0,14.0,78.0,62.0,0.6,,,,,,,
E137,Company B,Sales,Stable Specialist,5,83.2,75.0,39.0,16.0,14.0,14.0,78.0,62.0,0.6,,,,,,,
E137,Company B,Sales,Stable Specialist,6,91.51,75.0,39.0,16.0,14.0,14.0,78.0,62.0,0.6,,,,,,,
E138,Company B,Sales,Vulnerable,-6,80.64,59.0,89.0,13.0,94.0,53.0,3.0,38.0,0.25,,,,,,,
E138,Company B,Sales,Vulnerable,-5,78.96,59.0,89.0,13.0,94.0,53.0,3.0,38.0,0.25,,,,,,,
E138,Company B,Sales,Vulnerable,-4,79.5,59.0,89.0,13.0,94.0,53.0,3.0,38.0,0.25,,,,,,,
E138,Company B,Sales,Vulnerable,-3,79.87,59.0,89.0,13.0,94.0,53.0,3.0,38.0,0.25,,,,,,,
E138,Company B,Sales,Vulnerable,-2,80.76,59.0,89.0,13.0,94.0,53.0,3.0,38.0,0.25,,,,,,,
E138,Company B,Sales,Vulnerable,-1,80.24,59.0,89.0,13.0,94.0,53.0,3.0,38.0,0.25,,,,,,,
E138,Company B,Sales,Vulnerable,0,59.41,59.0,89.0,13.0,94.0,53.0,3.0,38.0,0.25,,,,,,,
E138,Company B,Sales,Vulnerable,1,60.3,59.0,89.0,13.0,94.0,53.0,3.0,38.0,0.25,,,,,,,
E138,Company B,Sales,Vulnerable,2,59.75,59.0,89.0,13.0,94.0,53.0,3.0,38.0,0.25,,,,,,,
E138,Company B,Sales,Vulnerable,3,64.45,59.0,89.0,13.0,94.0,53.0,3.0,38.0,0.25,,,,,,,
E138,Company B,Sales,Vulnerable,4,66.97,59.0,89.0,13.0,94.0,53.0,3.0,38.0,0.25,,,,,,,
E138,Company B,Sales,Vulnerable,5,60.68,59.0,89.0,13.0,94.0,53.0,3.0,38.0,0.25,,,,,,,
E138,Company B,Sales,Vulnerable,6,68.17,59.0,89.0,13.0,94.0,53.0,3.0,38.0,0.25,,,,,,,
E139,Company B,Sales,Stable Specialist,-6,86.57,58.0,75.0,48.0,58.0,30.0,92.0,68.0,0.6,,,,,,,
E139,Company B,Sales,Stable Specialist,-5,87.16,58.0,75.0,48.0,58.0,30.0,92.0,68.0,0.6,,,,,,,
E139,Company B,Sales,Stable Specialist,-4,87.17,58.0,75.0,48.0,58.0,30.0,92.0,68.0,0.6,,,,,,,
E139,Company B,Sales,Stable Specialist,-3,87.8,58.0,75.0,48.0,58.0,30.0,92.0,68.0,0.6,,,,,,,
E139,Company B,Sales,Stable Specialist,-2,89.6,58.0,75.0,48.0,58.0,30.0,92.0,68.0,0.6,,,,,,,
E139,Company B,Sales,Stable Specialist,-1,89.12,58.0,75.0,48.0,58.0,30.0,92.0,68.0,0.6,,,,,,,
E139,Company B,Sales,Stable Specialist,0,73.43,58.0,75.0,48.0,58.0,30.0,92.0,68.0,0.6,,,,,,,
E139,Company B,Sales,Stable Specialist,1,78.56,58.0,75.0,48.0,58.0,30.0,92.0,68.0,0.6,,,,,,,
E139,Company B,Sales,Stable Specialist,2,80.41,58.0,75.0,48.0,58.0,30.0,92.0,68.0,0.6,,,,,,,
E139,Company B,Sales,Stable Specialist,3,81.92,58.0,75.0,48.0,58.0,30.0,92.0,68.0,0.6,,,,,,,
E139,Company B,Sales,Stable Specialist,4,83.02,58.0,75.0,48.0,58.0,30.0,92.0,68.0,0.6,,,,,,,
E139,Company B,Sales,Stable Specialist,5,87.13,58.0,75.0,48.0,58.0,30.0,92.0,68.0,0.6,,,,,,,
E139,Company B,Sales,Stable Specialist,6,91.21,58.0,75.0,48.0,58.0,30.0,92.0,68.0,0.6,,,,,,,
E140,Company B,HR,Stable Specialist,-6,84.03,89.0,58.0,12.0,38.0,100.0,27.0,88.0,0.6,,,,,,,
E140,Company B,HR,Stable Specialist,-5,81.15,89.0,58.0,12.0,38.0,100.0,27.0,88.0,0.6,,,,,,,
E140,Company B,HR,Stable Specialist,-4,84.22,89.0,58.0,12.0,38.0,100.0,27.0,88.0,0.6,,,,,,,
E140,Company B,HR,Stable Specialist,-3,81.71,89.0,58.0,12.0,38.0,100.0,27.0,88.0,0.6,,,,,,,
E140,Company B,HR,Stable Specialist,-2,81.33,89.0,58.0,12.0,38.0,100.0,27.0,88.0,0.6,,,,,,,
E140,Company B,HR,Stable Specialist,-1,83.92,89.0,58.0,12.0,38.0,100.0,27.0,88.0,0.6,,,,,,,
E140,Company B,HR,Stable Specialist,0,60.87,89.0,58.0,12.0,38.0,100.0,27.0,88.0,0.6,,,,,,,
E140,Company B,HR,Stable Specialist,1,70.03,89.0,58.0,12.0,38.0,100.0,27.0,88.0,0.6,,,,,,,
E140,Company B,HR,Stable Specialist,2,68.8,89.0,58.0,12.0,38.0,100.0,27.0,88.0,0.6,,,,,,,
E140,Company B,HR,Stable Specialist,3,70.3,89.0,58.0,12.0,38.0,100.0,27.0,88.0,0.6,,,,,,,
E140,Company B,HR,Stable Specialist,4,77.42,89.0,58.0,12.0,38.0,100.0,27.0,88.0,0.6,,,,,,,
E140,Company B,HR,Stable Specialist,5,78.73,89.0,58.0,12.0,38.0,100.0,27.0,88.0,0.6,,,,,,,
E140,Company B,HR,Stable Specialist,6,86.91,89.0,58.0,12.0,38.0,100.0,27.0,88.0,0.6,,,,,,,
E141,Company B,IT,Delayed Adaptor,-6,76.96,29.0,32.0,56.0,51.0,8.0,53.0,0.0,0.5,,,,,,,
E141,Company B,IT,Delayed Adaptor,-5,74.15,29.0,32.0,56.0,51.0,8.0,53.0,0.0,0.5,,,,,,,
E141,Company B,IT,Delayed Adaptor,-4,73.2,29.0,32.0,56.0,51.0,8.0,53.0,0.0,0.5,,,,,,,
E141,Company B,IT,Delayed Adaptor,-3,78.51,29.0,32.0,56.0,51.0,8.0,53.0,0.0,0.5,,,,,,,
E141,Company B,IT,Delayed Adaptor,-2,75.06,29.0,32.0,56.0,51.0,8.0,53.0,0.0,0.5,,,,,,,
E141,Company B,IT,Delayed Adaptor,-1,75.89,29.0,32.0,56.0,51.0,8.0,53.0,0.0,0.5,,,,,,,
E141,Company B,IT,Delayed Adaptor,0,66.1,29.0,32.0,56.0,51.0,8.0,53.0,0.0,0.5,,,,,,,
E141,Company B,IT,Delayed Adaptor,1,66.06,29.0,32.0,56.0,51.0,8.0,53.0,0.0,0.5,,,,,,,
E141,Company B,IT,Delayed Adaptor,2,72.93,29.0,32.0,56.0,51.0,8.0,53.0,0.0,0.5,,,,,,,
E141,Company B,IT,Delayed Adaptor,3,75.65,29.0,32.0,56.0,51.0,8.0,53.0,0.0,0.5,,,,,,,
E141,Company B,IT,Delayed Adaptor,4,77.6,29.0,32.0,56.0,51.0,8.0,53.0,0.0,0.5,,,,,,,
E141,Company B,IT,Delayed Adaptor,5,80.02,29.0,32.0,56.0,51.0,8.0,53.0,0.0,0.5,,,,,,,
E141,Company B,IT,Delayed Adaptor,6,86.99,29.0,32.0,56.0,51.0,8.0,53.0,0.0,0.5,,,,,,,
E142,Company B,HR,Declining,-6,82.39,85.0,49.0,36.0,63.0,53.0,71.0,48.0,0.1,,,,,,,
E142,Company B,HR,Declining,-5,85.81,85.0,49.0,36.0,63.0,53.0,71.0,48.0,0.1,,,,,,,
E142,Company B,HR,Declining,-4,85.19,85.0,49.0,36.0,63.0,53.0,71.0,48.0,0.1,,,,,,,
E142,Company B,HR,Declining,-3,86.19,85.0,49.0,36.0,63.0,53.0,71.0,48.0,0.1,,,,,,,
E142,Company B,HR,Declining,-2,81.87,85.0,49.0,36.0,63.0,53.0,71.0,48.0,0.1,,,,,,,
E142,Company B,HR,Declining,-1,82.45,85.0,49.0,36.0,63.0,53.0,71.0,48.0,0.1,,,,,,,
E142,Company B,HR,Declining,0,57.69,85.0,49.0,36.0,63.0,53.0,71.0,48.0,0.1,,,,,,,
E142,Company B,HR,Declining,1,55.53,85.0,49.0,36.0,63.0,53.0,71.0,48.0,0.1,,,,,,,
E142,Company B,HR,Declining,2,55.41,85.0,49.0,36.0,63.0,53.0,71.0,48.0,0.1,,,,,,,
E142,Company B,HR,Declining,3,51.89,85.0,49.0,36.0,63.0,53.0,71.0,48.0,0.1,,,,,,,
E142,Company B,HR,Declining,4,51.32,85.0,49.0,36.0,63.0,53.0,71.0,48.0,0.1,,,,,,,
E142,Company B,HR,Declining,5,54.74,85.0,49.0,36.0,63.0,53.0,71.0,48.0,0.1,,,,,,,
E142,Company B,HR,Declining,6,54.31,85.0,49.0,36.0,63.0,53.0,71.0,48.0,0.1,,,,,,,
E143,Company B,IT,Stable Specialist,-6,75.39,27.0,0.0,41.0,81.0,47.0,39.0,96.0,0.6,,,,,,,
E143,Company B,IT,Stable Specialist,-5,76.42,27.0,0.0,41.0,81.0,47.0,39.0,96.0,0.6,,,,,,,
E143,Company B,IT,Stable Specialist,-4,73.48,27.0,0.0,41.0,81.0,47.0,39.0,96.0,0.6,,,,,,,
E143,Company B,IT,Stable Specialist,-3,75.94,27.0,0.0,41.0,81.0,47.0,39.0,96.0,0.6,,,,,,,
E143,Company B,IT,Stable Specialist,-2,69.79,27.0,0.0,41.0,81.0,47.0,39.0,96.0,0.6,,,,,,,
E143,Company B,IT,Stable Specialist,-1,75.4,27.0,0.0,41.0,81.0,47.0,39.0,96.0,0.6,,,,,,,
E143,Company B,IT,Stable Specialist,0,60.01,27.0,0.0,41.0,81.0,47.0,39.0,96.0,0.6,,,,,,,
E143,Company B,IT,Stable Specialist,1,69.26,27.0,0.0,41.0,81.0,47.0,39.0,96.0,0.6,,,,,,,
E143,Company B,IT,Stable Specialist,2,71.98,27.0,0.0,41.0,81.0,47.0,39.0,96.0,0.6,,,,,,,
E143,Company B,IT,Stable Specialist,3,74.93,27.0,0.0,41.0,81.0,47.0,39.0,96.0,0.6,,,,,,,
E143,Company B,IT,Stable Specialist,4,80.61,27.0,0.0,41.0,81.0,47.0,39.0,96.0,0.6,,,,,,,
E143,Company B,IT,Stable Specialist,5,79.25,27.0,0.0,41.0,81.0,47.0,39.0,96.0,0.6,,,,,,,
E143,Company B,IT,Stable Specialist,6,88.21,27.0,0.0,41.0,81.0,47.0,39.0,96.0,0.6,,,,,,,
E144,Company B,HR,Delayed Adaptor,-6,77.47,86.0,3.0,86.0,47.0,54.0,0.0,88.0,0.5,,,,,,,
E144,Company B,HR,Delayed Adaptor,-5,79.35,86.0,3.0,86.0,47.0,54.0,0.0,88.0,0.5,,,,,,,
E144,Company B,HR,Delayed Adaptor,-4,77.9,86.0,3.0,86.0,47.0,54.0,0.0,88.0,0.5,,,,,,,
E144,Company B,HR,Delayed Adaptor,-3,76.48,86.0,3.0,86.0,47.0,54.0,0.0,88.0,0.5,,,,,,,
E144,Company B,HR,Delayed Adaptor,-2,78.14,86.0,3.0,86.0,47.0,54.0,0.0,88.0,0.5,,,,,,,
E144,Company B,HR,Delayed Adaptor,-1,75.25,86.0,3.0,86.0,47.0,54.0,0.0,88.0,0.5,,,,,,,
E144,Company B,HR,Delayed Adaptor,0,58.28,86.0,3.0,86.0,47.0,54.0,0.0,88.0,0.5,,,,,,,
E144,Company B,HR,Delayed Adaptor,1,61.75,86.0,3.0,86.0,47.0,54.0,0.0,88.0,0.5,,,,,,,
E144,Company B,HR,Delayed Adaptor,2,64.13,86.0,3.0,86.0,47.0,54.0,0.0,88.0,0.5,,,,,,,
E144,Company B,HR,Delayed Adaptor,3,67.46,86.0,3.0,86.0,47.0,54.0,0.0,88.0,0.5,,,,,,,
E144,Company B,HR,Delayed Adaptor,4,68.1,86.0,3.0,86.0,47.0,54.0,0.0,88.0,0.5,,,,,,,
E144,Company B,HR,Delayed Adaptor,5,74.45,86.0,3.0,86.0,47.0,54.0,0.0,88.0,0.5,,,,,,,
E144,Company B,HR,Delayed Adaptor,6,78.55,86.0,3.0,86.0,47.0,54.0,0.0,88.0,0.5,,,,,,,
E145,Company B,HR,Delayed Adaptor,-6,88.53,46.0,86.0,67.0,90.0,17.0,20.0,91.0,0.5,,,,,,,
E145,Company B,HR,Delayed Adaptor,-5,84.9,46.0,86.0,67.0,90.0,17.0,20.0,91.0,0.5,,,,,,,
E145,Company B,HR,Delayed Adaptor,-4,89.7,46.0,86.0,67.0,90.0,17.0,20.0,91.0,0.5,,,,,,,
E145,Company B,HR,Delayed Adaptor,-3,87.71,46.0,86.0,67.0,90.0,17.0,20.0,91.0,0.5,,,,,,,
E145,Company B,HR,Delayed Adaptor,-2,86.56,46.0,86.0,67.0,90.0,17.0,20.0,91.0,0.5,,,,,,,
E145,Company B,HR,Delayed Adaptor,-1,86.02,46.0,86.0,67.0,90.0,17.0,20.0,91.0,0.5,,,,,,,
E145,Company B,HR,Delayed Adaptor,0,67.08,46.0,86.0,67.0,90.0,17.0,20.0,91.0,0.5,,,,,,,
E145,Company B,HR,Delayed Adaptor,1,69.75,46.0,86.0,67.0,90.0,17.0,20.0,91.0,0.5,,,,,,,
E145,Company B,HR,Delayed Adaptor,2,73.1,46.0,86.0,67.0,90.0,17.0,20.0,91.0,0.5,,,,,,,
E145,Company B,HR,Delayed Adaptor,3,74.89,46.0,86.0,67.0,90.0,17.0,20.0,91.0,0.5,,,,,,,
E145,Company B,HR,Delayed Adaptor,4,76.56,46.0,86.0,67.0,90.0,17.0,20.0,91.0,0.5,,,,,,,
E145,Company B,HR,Delayed Adaptor,5,80.73,46.0,86.0,67.0,90.0,17.0,20.0,91.0,0.5,,,,,,,
E145,Company B,HR,Delayed Adaptor,6,81.24,46.0,86.0,67.0,90.0,17.0,20.0,91.0,0.5,,,,,,,
E146,Company B,Operations,Resilient,-6,78.56,59.0,50.0,29.0,10.0,91.0,75.0,38.0,0.9,,,,,,,
E146,Company B,Operations,Resilient,-5,81.71,59.0,50.0,29.0,10.0,91.0,75.0,38.0,0.9,,,,,,,
E146,Company B,Operations,Resilient,-4,80.73,59.0,50.0,29.0,10.0,91.0,75.0,38.0,0.9,,,,,,,
E146,Company B,Operations,Resilient,-3,77.23,59.0,50.0,29.0,10.0,91.0,75.0,38.0,0.9,,,,,,,
E146,Company B,Operations,Resilient,-2,79.32,59.0,50.0,29.0,10.0,91.0,75.0,38.0,0.9,,,,,,,
E146,Company B,Operations,Resilient,-1,80.22,59.0,50.0,29.0,10.0,91.0,75.0,38.0,0.9,,,,,,,
E146,Company B,Operations,Resilient,0,77.27,59.0,50.0,29.0,10.0,91.0,75.0,38.0,0.9,,,,,,,
E146,Company B,Operations,Resilient,1,79.45,59.0,50.0,29.0,10.0,91.0,75.0,38.0,0.9,,,,,,,
E146,Company B,Operations,Resilient,2,80.52,59.0,50.0,29.0,10.0,91.0,75.0,38.0,0.9,,,,,,,
E146,Company B,Operations,Resilient,3,89.0,59.0,50.0,29.0,10.0,91.0,75.0,38.0,0.9,,,,,,,
E146,Company B,Operations,Resilient,4,89.78,59.0,50.0,29.0,10.0,91.0,75.0,38.0,0.9,,,,,,,
E146,Company B,Operations,Resilient,5,99.89,59.0,50.0,29.0,10.0,91.0,75.0,38.0,0.9,,,,,,,
E146,Company B,Operations,Resilient,6,100.0,59.0,50.0,29.0,10.0,91.0,75.0,38.0,0.9,,,,,,,
E147,Company B,Finance,Resilient,-6,78.25,16.0,89.0,12.0,16.0,37.0,80.0,77.0,0.9,,,,,,,
E147,Company B,Finance,Resilient,-5,75.98,16.0,89.0,12.0,16.0,37.0,80.0,77.0,0.9,,,,,,,
E147,Company B,Finance,Resilient,-4,76.05,16.0,89.0,12.0,16.0,37.0,80.0,77.0,0.9,,,,,,,
E147,Company B,Finance,Resilient,-3,79.57,16.0,89.0,12.0,16.0,37.0,80.0,77.0,0.9,,,,,,,
E147,Company B,Finance,Resilient,-2,77.45,16.0,89.0,12.0,16.0,37.0,80.0,77.0,0.9,,,,,,,
E147,Company B,Finance,Resilient,-1,75.15,16.0,89.0,12.0,16.0,37.0,80.0,77.0,0.9,,,,,,,
E147,Company B,Finance,Resilient,0,68.6,16.0,89.0,12.0,16.0,37.0,80.0,77.0,0.9,,,,,,,
E147,Company B,Finance,Resilient,1,70.63,16.0,89.0,12.0,16.0,37.0,80.0,77.0,0.9,,,,,,,
E147,Company B,Finance,Resilient,2,77.03,16.0,89.0,12.0,16.0,37.0,80.0,77.0,0.9,,,,,,,
E147,Company B,Finance,Resilient,3,85.14,16.0,89.0,12.0,16.0,37.0,80.0,77.0,0.9,,,,,,,
E147,Company B,Finance,Resilient,4,83.49,16.0,89.0,12.0,16.0,37.0,80.0,77.0,0.9,,,,,,,
E147,Company B,Finance,Resilient,5,90.88,16.0,89.0,12.0,16.0,37.0,80.0,77.0,0.9,,,,,,,
E147,Company B,Finance,Resilient,6,96.94,16.0,89.0,12.0,16.0,37.0,80.0,77.0,0.9,,,,,,,
E148,Company B,Sales,Rapid Adaptor,-6,81.36,3.0,16.0,13.0,77.0,12.0,6.0,43.0,0.8,,,,,,,
E148,Company B,Sales,Rapid Adaptor,-5,83.53,3.0,16.0,13.0,77.0,12.0,6.0,43.0,0.8,,,,,,,
E148,Company B,Sales,Rapid Adaptor,-4,84.15,3.0,16.0,13.0,77.0,12.0,6.0,43.0,0.8,,,,,,,
E148,Company B,Sales,Rapid Adaptor,-3,82.74,3.0,16.0,13.0,77.0,12.0,6.0,43.0,0.8,,,,,,,
E148,Company B,Sales,Rapid Adaptor,-2,81.91,3.0,16.0,13.0,77.0,12.0,6.0,43.0,0.8,,,,,,,
E148,Company B,Sales,Rapid Adaptor,-1,78.8,3.0,16.0,13.0,77.0,12.0,6.0,43.0,0.8,,,,,,,
E148,Company B,Sales,Rapid Adaptor,0,82.46,3.0,16.0,13.0,77.0,12.0,6.0,43.0,0.8,,,,,,,
E148,Company B,Sales,Rapid Adaptor,1,85.98,3.0,16.0,13.0,77.0,12.0,6.0,43.0,0.8,,,,,,,
E148,Company B,Sales,Rapid Adaptor,2,91.03,3.0,16.0,13.0,77.0,12.0,6.0,43.0,0.8,,,,,,,
E148,Company B,Sales,Rapid Adaptor,3,92.05,3.0,16.0,13.0,77.0,12.0,6.0,43.0,0.8,,,,,,,
E148,Company B,Sales,Rapid Adaptor,4,100.0,3.0,16.0,13.0,77.0,12.0,6.0,43.0,0.8,,,,,,,
E148,Company B,Sales,Rapid Adaptor,5,100.0,3.0,16.0,13.0,77.0,12.0,6.0,43.0,0.8,,,,,,,
E148,Company B,Sales,Rapid Adaptor,6,100.0,3.0,16.0,13.0,77.0,12.0,6.0,43.0,0.8,,,,,,,
E149,Company B,IT,Declining,-6,89.11,36.0,78.0,67.0,39.0,58.0,79.0,91.0,0.1,,,,,,,
E149,Company B,IT,Declining,-5,91.06,36.0,78.0,67.0,39.0,58.0,79.0,91.0,0.1,,,,,,,
E149,Company B,IT,Declining,-4,92.71,36.0,78.0,67.0,39.0,58.0,79.0,91.0,0.1,,,,,,,
E149,Company B,IT,Declining,-3,90.39,36.0,78.0,67.0,39.0,58.0,79.0,91.0,0.1,,,,,,,
E149,Company B,IT,Declining,-2,89.91,36.0,78.0,67.0,39.0,58.0,79.0,91.0,0.1,,,,,,,
E149,Company B,IT,Declining,-1,87.63,36.0,78.0,67.0,39.0,58.0,79.0,91.0,0.1,,,,,,,
E149,Company B,IT,Declining,0,67.69,36.0,78.0,67.0,39.0,58.0,79.0,91.0,0.1,,,,,,,
E149,Company B,IT,Declining,1,66.36,36.0,78.0,67.0,39.0,58.0,79.0,91.0,0.1,,,,,,,
E149,Company B,IT,Declining,2,66.33,36.0,78.0,67.0,39.0,58.0,79.0,91.0,0.1,,,,,,,
E149,Company B,IT,Declining,3,67.39,36.0,78.0,67.0,39.0,58.0,79.0,91.0,0.1,,,,,,,
E149,Company B,IT,Declining,4,66.37,36.0,78.0,67.0,39.0,58.0,79.0,91.0,0.1,,,,,,,
E149,Company B,IT,Declining,5,64.88,36.0,78.0,67.0,39.0,58.0,79.0,91.0,0.1,,,,,,,
E149,Company B,IT,Declining,6,62.62,36.0,78.0,67.0,39.0,58.0,79.0,91.0,0.1,,,,,,,
E150,Company B,Sales,Declining,-6,78.41,55.0,3.0,92.0,22.0,5.0,31.0,17.0,0.1,,,,,,,
E150,Company B,Sales,Declining,-5,82.64,55.0,3.0,92.0,22.0,5.0,31.0,17.0,0.1,,,,,,,
E150,Company B,Sales,Declining,-4,81.08,55.0,3.0,92.0,22.0,5.0,31.0,17.0,0.1,,,,,,,
E150,Company B,Sales,Declining,-3,82.31,55.0,3.0,92.0,22.0,5.0,31.0,17.0,0.1,,,,,,,
E150,Company B,Sales,Declining,-2,81.14,55.0,3.0,92.0,22.0,5.0,31.0,17.0,0.1,,,,,,,
E150,Company B,Sales,Declining,-1,84.14,55.0,3.0,92.0,22.0,5.0,31.0,17.0,0.1,,,,,,,
E150,Company B,Sales,Declining,0,66.69,55.0,3.0,92.0,22.0,5.0,31.0,17.0,0.1,,,,,,,
E150,Company B,Sales,Declining,1,68.76,55.0,3.0,92.0,22.0,5.0,31.0,17.0,0.1,,,,,,,
E150,Company B,Sales,Declining,2,69.45,55.0,3.0,92.0,22.0,5.0,31.0,17.0,0.1,,,,,,,
E150,Company B,Sales,Declining,3,65.56,55.0,3.0,92.0,22.0,5.0,31.0,17.0,0.1,,,,,,,
E150,Company B,Sales,Declining,4,66.84,55.0,3.0,92.0,22.0,5.0,31.0,17.0,0.1,,,,,,,
E150,Company B,Sales,Declining,5,69.74,55.0,3.0,92.0,22.0,5.0,31.0,17.0,0.1,,,,,,,
E150,Company B,Sales,Declining,6,68.62,55.0,3.0,92.0,22.0,5.0,31.0,17.0,0.1,,,,,,,
E151,Company B,Sales,Declining,-6,69.76,10.0,76.0,2.0,8.0,59.0,75.0,86.0,0.1,,,,,,,
E151,Company B,Sales,Declining,-5,70.57,10.0,76.0,2.0,8.0,59.0,75.0,86.0,0.1,,,,,,,
E151,Company B,Sales,Declining,-4,71.25,10.0,76.0,2.0,8.0,59.0,75.0,86.0,0.1,,,,,,,
E151,Company B,Sales,Declining,-3,72.29,10.0,76.0,2.0,8.0,59.0,75.0,86.0,0.1,,,,,,,
E151,Company B,Sales,Declining,-2,67.09,10.0,76.0,2.0,8.0,59.0,75.0,86.0,0.1,,,,,,,
E151,Company B,Sales,Declining,-1,72.87,10.0,76.0,2.0,8.0,59.0,75.0,86.0,0.1,,,,,,,
E151,Company B,Sales,Declining,0,50.86,10.0,76.0,2.0,8.0,59.0,75.0,86.0,0.1,,,,,,,
E151,Company B,Sales,Declining,1,54.96,10.0,76.0,2.0,8.0,59.0,75.0,86.0,0.1,,,,,,,
E151,Company B,Sales,Declining,2,50.83,10.0,76.0,2.0,8.0,59.0,75.0,86.0,0.1,,,,,,,
E151,Company B,Sales,Declining,3,52.46,10.0,76.0,2.0,8.0,59.0,75.0,86.0,0.1,,,,,,,
E151,Company B,Sales,Declining,4,51.99,10.0,76.0,2.0,8.0,59.0,75.0,86.0,0.1,,,,,,,
E151,Company B,Sales,Declining,5,51.14,10.0,76.0,2.0,8.0,59.0,75.0,86.0,0.1,,,,,,,
E151,Company B,Sales,Declining,6,47.04,10.0,76.0,2.0,8.0,59.0,75.0,86.0,0.1,,,,,,,
E152,Company B,Finance,Rapid Adaptor,-6,86.62,9.0,98.0,74.0,10.0,84.0,20.0,85.0,0.8,,,,,,,
E152,Company B,Finance,Rapid Adaptor,-5,87.06,9.0,98.0,74.0,10.0,84.0,20.0,85.0,0.8,,,,,,,
E152,Company B,Finance,Rapid Adaptor,-4,88.82,9.0,98.0,74.0,10.0,84.0,20.0,85.0,0.8,,,,,,,
E152,Company B,Finance,Rapid Adaptor,-3,83.52,9.0,98.0,74.0,10.0,84.0,20.0,85.0,0.8,,,,,,,
E152,Company B,Finance,Rapid Adaptor,-2,89.98,9.0,98.0,74.0,10.0,84.0,20.0,85.0,0.8,,,,,,,
E152,Company B,Finance,Rapid Adaptor,-1,87.49,9.0,98.0,74.0,10.0,84.0,20.0,85.0,0.8,,,,,,,
E152,Company B,Finance,Rapid Adaptor,0,69.27,9.0,98.0,74.0,10.0,84.0,20.0,85.0,0.8,,,,,,,
E152,Company B,Finance,Rapid Adaptor,1,74.25,9.0,98.0,74.0,10.0,84.0,20.0,85.0,0.8,,,,,,,
E152,Company B,Finance,Rapid Adaptor,2,78.69,9.0,98.0,74.0,10.0,84.0,20.0,85.0,0.8,,,,,,,
E152,Company B,Finance,Rapid Adaptor,3,79.64,9.0,98.0,74.0,10.0,84.0,20.0,85.0,0.8,,,,,,,
E152,Company B,Finance,Rapid Adaptor,4,90.44,9.0,98.0,74.0,10.0,84.0,20.0,85.0,0.8,,,,,,,
E152,Company B,Finance,Rapid Adaptor,5,91.87,9.0,98.0,74.0,10.0,84.0,20.0,85.0,0.8,,,,,,,
E152,Company B,Finance,Rapid Adaptor,6,97.01,9.0,98.0,74.0,10.0,84.0,20.0,85.0,0.8,,,,,,,
E153,Company B,Marketing,Declining,-6,95.91,62.0,11.0,12.0,42.0,16.0,62.0,80.0,0.1,,,,,,,
E153,Company B,Marketing,Declining,-5,93.03,62.0,11.0,12.0,42.0,16.0,62.0,80.0,0.1,,,,,,,
E153,Company B,Marketing,Declining,-4,95.78,62.0,11.0,12.0,42.0,16.0,62.0,80.0,0.1,,,,,,,
E153,Company B,Marketing,Declining,-3,98.36,62.0,11.0,12.0,42.0,16.0,62.0,80.0,0.1,,,,,,,
E153,Company B,Marketing,Declining,-2,95.45,62.0,11.0,12.0,42.0,16.0,62.0,80.0,0.1,,,,,,,
E153,Company B,Marketing,Declining,-1,96.98,62.0,11.0,12.0,42.0,16.0,62.0,80.0,0.1,,,,,,,
E153,Company B,Marketing,Declining,0,73.07,62.0,11.0,12.0,42.0,16.0,62.0,80.0,0.1,,,,,,,
E153,Company B,Marketing,Declining,1,70.96,62.0,11.0,12.0,42.0,16.0,62.0,80.0,0.1,,,,,,,
E153,Company B,Marketing,Declining,2,73.91,62.0,11.0,12.0,42.0,16.0,62.0,80.0,0.1,,,,,,,
E153,Company B,Marketing,Declining,3,77.04,62.0,11.0,12.0,42.0,16.0,62.0,80.0,0.1,,,,,,,
E153,Company B,Marketing,Declining,4,71.39,62.0,11.0,12.0,42.0,16.0,62.0,80.0,0.1,,,,,,,
E153,Company B,Marketing,Declining,5,77.08,62.0,11.0,12.0,42.0,16.0,62.0,80.0,0.1,,,,,,,
E153,Company B,Marketing,Declining,6,74.64,62.0,11.0,12.0,42.0,16.0,62.0,80.0,0.1,,,,,,,
E154,Company B,Operations,Delayed Adaptor,-6,76.07,24.0,69.0,62.0,35.0,1.0,21.0,95.0,0.5,,,,,,,
E154,Company B,Operations,Delayed Adaptor,-5,75.56,24.0,69.0,62.0,35.0,1.0,21.0,95.0,0.5,,,,,,,
E154,Company B,Operations,Delayed Adaptor,-4,74.92,24.0,69.0,62.0,35.0,1.0,21.0,95.0,0.5,,,,,,,
E154,Company B,Operations,Delayed Adaptor,-3,73.86,24.0,69.0,62.0,35.0,1.0,21.0,95.0,0.5,,,,,,,
E154,Company B,Operations,Delayed Adaptor,-2,76.97,24.0,69.0,62.0,35.0,1.0,21.0,95.0,0.5,,,,,,,
E154,Company B,Operations,Delayed Adaptor,-1,73.12,24.0,69.0,62.0,35.0,1.0,21.0,95.0,0.5,,,,,,,
E154,Company B,Operations,Delayed Adaptor,0,62.28,24.0,69.0,62.0,35.0,1.0,21.0,95.0,0.5,,,,,,,
E154,Company B,Operations,Delayed Adaptor,1,61.47,24.0,69.0,62.0,35.0,1.0,21.0,95.0,0.5,,,,,,,
E154,Company B,Operations,Delayed Adaptor,2,64.72,24.0,69.0,62.0,35.0,1.0,21.0,95.0,0.5,,,,,,,
E154,Company B,Operations,Delayed Adaptor,3,66.04,24.0,69.0,62.0,35.0,1.0,21.0,95.0,0.5,,,,,,,
E154,Company B,Operations,Delayed Adaptor,4,70.72,24.0,69.0,62.0,35.0,1.0,21.0,95.0,0.5,,,,,,,
E154,Company B,Operations,Delayed Adaptor,5,76.42,24.0,69.0,62.0,35.0,1.0,21.0,95.0,0.5,,,,,,,
E154,Company B,Operations,Delayed Adaptor,6,78.25,24.0,69.0,62.0,35.0,1.0,21.0,95.0,0.5,,,,,,,
E155,Company B,Finance,Vulnerable,-6,72.91,19.0,86.0,74.0,36.0,21.0,57.0,67.0,0.25,,,,,,,
E155,Company B,Finance,Vulnerable,-5,74.53,19.0,86.0,74.0,36.0,21.0,57.0,67.0,0.25,,,,,,,
E155,Company B,Finance,Vulnerable,-4,75.55,19.0,86.0,74.0,36.0,21.0,57.0,67.0,0.25,,,,,,,
E155,Company B,Finance,Vulnerable,-3,75.43,19.0,86.0,74.0,36.0,21.0,57.0,67.0,0.25,,,,,,,
E155,Company B,Finance,Vulnerable,-2,73.77,19.0,86.0,74.0,36.0,21.0,57.0,67.0,0.25,,,,,,,
E155,Company B,Finance,Vulnerable,-1,72.76,19.0,86.0,74.0,36.0,21.0,57.0,67.0,0.25,,,,,,,
E155,Company B,Finance,Vulnerable,0,49.66,19.0,86.0,74.0,36.0,21.0,57.0,67.0,0.25,,,,,,,
E155,Company B,Finance,Vulnerable,1,52.0,19.0,86.0,74.0,36.0,21.0,57.0,67.0,0.25,,,,,,,
E155,Company B,Finance,Vulnerable,2,59.47,19.0,86.0,74.0,36.0,21.0,57.0,67.0,0.25,,,,,,,
E155,Company B,Finance,Vulnerable,3,53.58,19.0,86.0,74.0,36.0,21.0,57.0,67.0,0.25,,,,,,,
E155,Company B,Finance,Vulnerable,4,57.0,19.0,86.0,74.0,36.0,21.0,57.0,67.0,0.25,,,,,,,
E155,Company B,Finance,Vulnerable,5,62.17,19.0,86.0,74.0,36.0,21.0,57.0,67.0,0.25,,,,,,,
E155,Company B,Finance,Vulnerable,6,61.61,19.0,86.0,74.0,36.0,21.0,57.0,67.0,0.25,,,,,,,
E156,Company B,Sales,Resilient,-6,78.16,10.0,84.0,3.0,70.0,25.0,49.0,11.0,0.9,,,,,,,
E156,Company B,Sales,Resilient,-5,80.78,10.0,84.0,3.0,70.0,25.0,49.0,11.0,0.9,,,,,,,
E156,Company B,Sales,Resilient,-4,78.81,10.0,84.0,3.0,70.0,25.0,49.0,11.0,0.9,,,,,,,
E156,Company B,Sales,Resilient,-3,78.7,10.0,84.0,3.0,70.0,25.0,49.0,11.0,0.9,,,,,,,
E156,Company B,Sales,Resilient,-2,81.39,10.0,84.0,3.0,70.0,25.0,49.0,11.0,0.9,,,,,,,
E156,Company B,Sales,Resilient,-1,81.41,10.0,84.0,3.0,70.0,25.0,49.0,11.0,0.9,,,,,,,
E156,Company B,Sales,Resilient,0,78.83,10.0,84.0,3.0,70.0,25.0,49.0,11.0,0.9,,,,,,,
E156,Company B,Sales,Resilient,1,84.06,10.0,84.0,3.0,70.0,25.0,49.0,11.0,0.9,,,,,,,
E156,Company B,Sales,Resilient,2,88.02,10.0,84.0,3.0,70.0,25.0,49.0,11.0,0.9,,,,,,,
E156,Company B,Sales,Resilient,3,88.11,10.0,84.0,3.0,70.0,25.0,49.0,11.0,0.9,,,,,,,
E156,Company B,Sales,Resilient,4,100.0,10.0,84.0,3.0,70.0,25.0,49.0,11.0,0.9,,,,,,,
E156,Company B,Sales,Resilient,5,100.0,10.0,84.0,3.0,70.0,25.0,49.0,11.0,0.9,,,,,,,
E156,Company B,Sales,Resilient,6,100.0,10.0,84.0,3.0,70.0,25.0,49.0,11.0,0.9,,,,,,,
E157,Company B,Operations,Resilient,-6,87.28,76.0,41.0,46.0,36.0,79.0,21.0,56.0,0.9,,,,,,,
E157,Company B,Operations,Resilient,-5,86.34,76.0,41.0,46.0,36.0,79.0,21.0,56.0,0.9,,,,,,,
E157,Company B,Operations,Resilient,-4,84.71,76.0,41.0,46.0,36.0,79.0,21.0,56.0,0.9,,,,,,,
E157,Company B,Operations,Resilient,-3,83.95,76.0,41.0,46.0,36.0,79.0,21.0,56.0,0.9,,,,,,,
E157,Company B,Operations,Resilient,-2,80.73,76.0,41.0,46.0,36.0,79.0,21.0,56.0,0.9,,,,,,,
E157,Company B,Operations,Resilient,-1,82.64,76.0,41.0,46.0,36.0,79.0,21.0,56.0,0.9,,,,,,,
E157,Company B,Operations,Resilient,0,79.06,76.0,41.0,46.0,36.0,79.0,21.0,56.0,0.9,,,,,,,
E157,Company B,Operations,Resilient,1,77.07,76.0,41.0,46.0,36.0,79.0,21.0,56.0,0.9,,,,,,,
E157,Company B,Operations,Resilient,2,84.4,76.0,41.0,46.0,36.0,79.0,21.0,56.0,0.9,,,,,,,
E157,Company B,Operations,Resilient,3,90.43,76.0,41.0,46.0,36.0,79.0,21.0,56.0,0.9,,,,,,,
E157,Company B,Operations,Resilient,4,90.3,76.0,41.0,46.0,36.0,79.0,21.0,56.0,0.9,,,,,,,
E157,Company B,Operations,Resilient,5,97.57,76.0,41.0,46.0,36.0,79.0,21.0,56.0,0.9,,,,,,,
E157,Company B,Operations,Resilient,6,100.0,76.0,41.0,46.0,36.0,79.0,21.0,56.0,0.9,,,,,,,
E158,Company B,Operations,Declining,-6,79.04,77.0,100.0,17.0,87.0,13.0,33.0,57.0,0.1,,,,,,,
E158,Company B,Operations,Declining,-5,77.61,77.0,100.0,17.0,87.0,13.0,33.0,57.0,0.1,,,,,,,
E158,Company B,Operations,Declining,-4,81.67,77.0,100.0,17.0,87.0,13.0,33.0,57.0,0.1,,,,,,,
E158,Company B,Operations,Declining,-3,83.4,77.0,100.0,17.0,87.0,13.0,33.0,57.0,0.1,,,,,,,
E158,Company B,Operations,Declining,-2,80.09,77.0,100.0,17.0,87.0,13.0,33.0,57.0,0.1,,,,,,,
E158,Company B,Operations,Declining,-1,79.82,77.0,100.0,17.0,87.0,13.0,33.0,57.0,0.1,,,,,,,
E158,Company B,Operations,Declining,0,57.54,77.0,100.0,17.0,87.0,13.0,33.0,57.0,0.1,,,,,,,
E158,Company B,Operations,Declining,1,59.0,77.0,100.0,17.0,87.0,13.0,33.0,57.0,0.1,,,,,,,
E158,Company B,Operations,Declining,2,58.36,77.0,100.0,17.0,87.0,13.0,33.0,57.0,0.1,,,,,,,
E158,Company B,Operations,Declining,3,55.21,77.0,100.0,17.0,87.0,13.0,33.0,57.0,0.1,,,,,,,
E158,Company B,Operations,Declining,4,55.35,77.0,100.0,17.0,87.0,13.0,33.0,57.0,0.1,,,,,,,
E158,Company B,Operations,Declining,5,55.55,77.0,100.0,17.0,87.0,13.0,33.0,57.0,0.1,,,,,,,
E158,Company B,Operations,Declining,6,51.37,77.0,100.0,17.0,87.0,13.0,33.0,57.0,0.1,,,,,,,
E159,Company B,Marketing,Declining,-6,77.85,11.0,15.0,80.0,86.0,13.0,60.0,70.0,0.1,,,,,,,
E159,Company B,Marketing,Declining,-5,78.19,11.0,15.0,80.0,86.0,13.0,60.0,70.0,0.1,,,,,,,
E159,Company B,Marketing,Declining,-4,79.93,11.0,15.0,80.0,86.0,13.0,60.0,70.0,0.1,,,,,,,
E159,Company B,Marketing,Declining,-3,74.31,11.0,15.0,80.0,86.0,13.0,60.0,70.0,0.1,,,,,,,
E159,Company B,Marketing,Declining,-2,78.31,11.0,15.0,80.0,86.0,13.0,60.0,70.0,0.1,,,,,,,
E159,Company B,Marketing,Declining,-1,78.91,11.0,15.0,80.0,86.0,13.0,60.0,70.0,0.1,,,,,,,
E159,Company B,Marketing,Declining,0,58.91,11.0,15.0,80.0,86.0,13.0,60.0,70.0,0.1,,,,,,,
E159,Company B,Marketing,Declining,1,55.4,11.0,15.0,80.0,86.0,13.0,60.0,70.0,0.1,,,,,,,
E159,Company B,Marketing,Declining,2,55.38,11.0,15.0,80.0,86.0,13.0,60.0,70.0,0.1,,,,,,,
E159,Company B,Marketing,Declining,3,58.76,11.0,15.0,80.0,86.0,13.0,60.0,70.0,0.1,,,,,,,
E159,Company B,Marketing,Declining,4,53.87,11.0,15.0,80.0,86.0,13.0,60.0,70.0,0.1,,,,,,,
E159,Company B,Marketing,Declining,5,60.42,11.0,15.0,80.0,86.0,13.0,60.0,70.0,0.1,,,,,,,
E159,Company B,Marketing,Declining,6,58.3,11.0,15.0,80.0,86.0,13.0,60.0,70.0,0.1,,,,,,,
E160,Company B,Sales,Resilient,-6,71.24,83.0,43.0,86.0,95.0,74.0,38.0,53.0,0.9,,,,,,,
E160,Company B,Sales,Resilient,-5,78.77,83.0,43.0,86.0,95.0,74.0,38.0,53.0,0.9,,,,,,,
E160,Company B,Sales,Resilient,-4,76.89,83.0,43.0,86.0,95.0,74.0,38.0,53.0,0.9,,,,,,,
E160,Company B,Sales,Resilient,-3,73.8,83.0,43.0,86.0,95.0,74.0,38.0,53.0,0.9,,,,,,,
E160,Company B,Sales,Resilient,-2,74.07,83.0,43.0,86.0,95.0,74.0,38.0,53.0,0.9,,,,,,,
E160,Company B,Sales,Resilient,-1,79.57,83.0,43.0,86.0,95.0,74.0,38.0,53.0,0.9,,,,,,,
E160,Company B,Sales,Resilient,0,63.64,83.0,43.0,86.0,95.0,74.0,38.0,53.0,0.9,,,,,,,
E160,Company B,Sales,Resilient,1,68.1,83.0,43.0,86.0,95.0,74.0,38.0,53.0,0.9,,,,,,,
E160,Company B,Sales,Resilient,2,77.57,83.0,43.0,86.0,95.0,74.0,38.0,53.0,0.9,,,,,,,
E160,Company B,Sales,Resilient,3,80.85,83.0,43.0,86.0,95.0,74.0,38.0,53.0,0.9,,,,,,,
E160,Company B,Sales,Resilient,4,83.18,83.0,43.0,86.0,95.0,74.0,38.0,53.0,0.9,,,,,,,
E160,Company B,Sales,Resilient,5,90.37,83.0,43.0,86.0,95.0,74.0,38.0,53.0,0.9,,,,,,,
E160,Company B,Sales,Resilient,6,92.77,83.0,43.0,86.0,95.0,74.0,38.0,53.0,0.9,,,,,,,
E161,Company B,IT,Delayed Adaptor,-6,71.05,18.0,90.0,44.0,42.0,12.0,12.0,59.0,0.5,,,,,,,
E161,Company B,IT,Delayed Adaptor,-5,71.85,18.0,90.0,44.0,42.0,12.0,12.0,59.0,0.5,,,,,,,
E161,Company B,IT,Delayed Adaptor,-4,68.88,18.0,90.0,44.0,42.0,12.0,12.0,59.0,0.5,,,,,,,
E161,Company B,IT,Delayed Adaptor,-3,67.48,18.0,90.0,44.0,42.0,12.0,12.0,59.0,0.5,,,,,,,
E161,Company B,IT,Delayed Adaptor,-2,67.51,18.0,90.0,44.0,42.0,12.0,12.0,59.0,0.5,,,,,,,
E161,Company B,IT,Delayed Adaptor,-1,71.43,18.0,90.0,44.0,42.0,12.0,12.0,59.0,0.5,,,,,,,
E161,Company B,IT,Delayed Adaptor,0,60.54,18.0,90.0,44.0,42.0,12.0,12.0,59.0,0.5,,,,,,,
E161,Company B,IT,Delayed Adaptor,1,55.92,18.0,90.0,44.0,42.0,12.0,12.0,59.0,0.5,,,,,,,
E161,Company B,IT,Delayed Adaptor,2,58.47,18.0,90.0,44.0,42.0,12.0,12.0,59.0,0.5,,,,,,,
E161,Company B,IT,Delayed Adaptor,3,65.14,18.0,90.0,44.0,42.0,12.0,12.0,59.0,0.5,,,,,,,
E161,Company B,IT,Delayed Adaptor,4,64.5,18.0,90.0,44.0,42.0,12.0,12.0,59.0,0.5,,,,,,,
E161,Company B,IT,Delayed Adaptor,5,70.75,18.0,90.0,44.0,42.0,12.0,12.0,59.0,0.5,,,,,,,
E161,Company B,IT,Delayed Adaptor,6,72.36,18.0,90.0,44.0,42.0,12.0,12.0,59.0,0.5,,,,,,,
E162,Company B,Marketing,Declining,-6,88.22,10.0,25.0,41.0,26.0,10.0,37.0,97.0,0.1,,,,,,,
E162,Company B,Marketing,Declining,-5,86.59,10.0,25.0,41.0,26.0,10.0,37.0,97.0,0.1,,,,,,,
E162,Company B,Marketing,Declining,-4,86.1,10.0,25.0,41.0,26.0,10.0,37.0,97.0,0.1,,,,,,,
E162,Company B,Marketing,Declining,-3,89.94,10.0,25.0,41.0,26.0,10.0,37.0,97.0,0.1,,,,,,,
E162,Company B,Marketing,Declining,-2,88.74,10.0,25.0,41.0,26.0,10.0,37.0,97.0,0.1,,,,,,,
E162,Company B,Marketing,Declining,-1,88.95,10.0,25.0,41.0,26.0,10.0,37.0,97.0,0.1,,,,,,,
E162,Company B,Marketing,Declining,0,66.96,10.0,25.0,41.0,26.0,10.0,37.0,97.0,0.1,,,,,,,
E162,Company B,Marketing,Declining,1,63.89,10.0,25.0,41.0,26.0,10.0,37.0,97.0,0.1,,,,,,,
E162,Company B,Marketing,Declining,2,69.34,10.0,25.0,41.0,26.0,10.0,37.0,97.0,0.1,,,,,,,
E162,Company B,Marketing,Declining,3,66.68,10.0,25.0,41.0,26.0,10.0,37.0,97.0,0.1,,,,,,,
E162,Company B,Marketing,Declining,4,73.15,10.0,25.0,41.0,26.0,10.0,37.0,97.0,0.1,,,,,,,
E162,Company B,Marketing,Declining,5,71.13,10.0,25.0,41.0,26.0,10.0,37.0,97.0,0.1,,,,,,,
E162,Company B,Marketing,Declining,6,69.2,10.0,25.0,41.0,26.0,10.0,37.0,97.0,0.1,,,,,,,
E163,Company B,Sales,Vulnerable,-6,80.88,45.0,52.0,87.0,79.0,12.0,88.0,53.0,0.25,,,,,,,
E163,Company B,Sales,Vulnerable,-5,86.09,45.0,52.0,87.0,79.0,12.0,88.0,53.0,0.25,,,,,,,
E163,Company B,Sales,Vulnerable,-4,82.08,45.0,52.0,87.0,79.0,12.0,88.0,53.0,0.25,,,,,,,
E163,Company B,Sales,Vulnerable,-3,78.72,45.0,52.0,87.0,79.0,12.0,88.0,53.0,0.25,,,,,,,
E163,Company B,Sales,Vulnerable,-2,80.88,45.0,52.0,87.0,79.0,12.0,88.0,53.0,0.25,,,,,,,
E163,Company B,Sales,Vulnerable,-1,83.67,45.0,52.0,87.0,79.0,12.0,88.0,53.0,0.25,,,,,,,
E163,Company B,Sales,Vulnerable,0,59.71,45.0,52.0,87.0,79.0,12.0,88.0,53.0,0.25,,,,,,,
E163,Company B,Sales,Vulnerable,1,63.24,45.0,52.0,87.0,79.0,12.0,88.0,53.0,0.25,,,,,,,
E163,Company B,Sales,Vulnerable,2,65.85,45.0,52.0,87.0,79.0,12.0,88.0,53.0,0.25,,,,,,,
E163,Company B,Sales,Vulnerable,3,66.56,45.0,52.0,87.0,79.0,12.0,88.0,53.0,0.25,,,,,,,
E163,Company B,Sales,Vulnerable,4,67.69,45.0,52.0,87.0,79.0,12.0,88.0,53.0,0.25,,,,,,,
E163,Company B,Sales,Vulnerable,5,67.93,45.0,52.0,87.0,79.0,12.0,88.0,53.0,0.25,,,,,,,
E163,Company B,Sales,Vulnerable,6,72.23,45.0,52.0,87.0,79.0,12.0,88.0,53.0,0.25,,,,,,,
E164,Company B,Sales,Declining,-6,77.59,29.0,92.0,44.0,78.0,88.0,50.0,46.0,0.1,,,,,,,
E164,Company B,Sales,Declining,-5,71.21,29.0,92.0,44.0,78.0,88.0,50.0,46.0,0.1,,,,,,,
E164,Company B,Sales,Declining,-4,68.67,29.0,92.0,44.0,78.0,88.0,50.0,46.0,0.1,,,,,,,
E164,Company B,Sales,Declining,-3,76.32,29.0,92.0,44.0,78.0,88.0,50.0,46.0,0.1,,,,,,,
E164,Company B,Sales,Declining,-2,71.99,29.0,92.0,44.0,78.0,88.0,50.0,46.0,0.1,,,,,,,
E164,Company B,Sales,Declining,-1,72.56,29.0,92.0,44.0,78.0,88.0,50.0,46.0,0.1,,,,,,,
E164,Company B,Sales,Declining,0,47.64,29.0,92.0,44.0,78.0,88.0,50.0,46.0,0.1,,,,,,,
E164,Company B,Sales,Declining,1,46.57,29.0,92.0,44.0,78.0,88.0,50.0,46.0,0.1,,,,,,,
E164,Company B,Sales,Declining,2,45.53,29.0,92.0,44.0,78.0,88.0,50.0,46.0,0.1,,,,,,,
E164,Company B,Sales,Declining,3,44.42,29.0,92.0,44.0,78.0,88.0,50.0,46.0,0.1,,,,,,,
E164,Company B,Sales,Declining,4,45.89,29.0,92.0,44.0,78.0,88.0,50.0,46.0,0.1,,,,,,,
E164,Company B,Sales,Declining,5,44.31,29.0,92.0,44.0,78.0,88.0,50.0,46.0,0.1,,,,,,,
E164,Company B,Sales,Declining,6,45.92,29.0,92.0,44.0,78.0,88.0,50.0,46.0,0.1,,,,,,,
E165,Company B,IT,Resilient,-6,71.65,3.0,42.0,89.0,3.0,0.0,70.0,93.0,0.9,,,,,,,
E165,Company B,IT,Resilient,-5,71.52,3.0,42.0,89.0,3.0,0.0,70.0,93.0,0.9,,,,,,,
E165,Company B,IT,Resilient,-4,71.15,3.0,42.0,89.0,3.0,0.0,70.0,93.0,0.9,,,,,,,
E165,Company B,IT,Resilient,-3,72.72,3.0,42.0,89.0,3.0,0.0,70.0,93.0,0.9,,,,,,,
E165,Company B,IT,Resilient,-2,68.46,3.0,42.0,89.0,3.0,0.0,70.0,93.0,0.9,,,,,,,
E165,Company B,IT,Resilient,-1,73.94,3.0,42.0,89.0,3.0,0.0,70.0,93.0,0.9,,,,,,,
E165,Company B,IT,Resilient,0,69.28,3.0,42.0,89.0,3.0,0.0,70.0,93.0,0.9,,,,,,,
E165,Company B,IT,Resilient,1,69.98,3.0,42.0,89.0,3.0,0.0,70.0,93.0,0.9,,,,,,,
E165,Company B,IT,Resilient,2,74.56,3.0,42.0,89.0,3.0,0.0,70.0,93.0,0.9,,,,,,,
E165,Company B,IT,Resilient,3,80.07,3.0,42.0,89.0,3.0,0.0,70.0,93.0,0.9,,,,,,,
E165,Company B,IT,Resilient,4,86.42,3.0,42.0,89.0,3.0,0.0,70.0,93.0,0.9,,,,,,,
E165,Company B,IT,Resilient,5,88.35,3.0,42.0,89.0,3.0,0.0,70.0,93.0,0.9,,,,,,,
E165,Company B,IT,Resilient,6,95.49,3.0,42.0,89.0,3.0,0.0,70.0,93.0,0.9,,,,,,,
E166,Company B,Operations,Delayed Adaptor,-6,81.52,29.0,29.0,21.0,74.0,65.0,11.0,93.0,0.5,,,,,,,
E166,Company B,Operations,Delayed Adaptor,-5,84.73,29.0,29.0,21.0,74.0,65.0,11.0,93.0,0.5,,,,,,,
E166,Company B,Operations,Delayed Adaptor,-4,81.5,29.0,29.0,21.0,74.0,65.0,11.0,93.0,0.5,,,,,,,
E166,Company B,Operations,Delayed Adaptor,-3,81.57,29.0,29.0,21.0,74.0,65.0,11.0,93.0,0.5,,,,,,,
E166,Company B,Operations,Delayed Adaptor,-2,80.3,29.0,29.0,21.0,74.0,65.0,11.0,93.0,0.5,,,,,,,
E166,Company B,Operations,Delayed Adaptor,-1,86.08,29.0,29.0,21.0,74.0,65.0,11.0,93.0,0.5,,,,,,,
E166,Company B,Operations,Delayed Adaptor,0,65.64,29.0,29.0,21.0,74.0,65.0,11.0,93.0,0.5,,,,,,,
E166,Company B,Operations,Delayed Adaptor,1,62.08,29.0,29.0,21.0,74.0,65.0,11.0,93.0,0.5,,,,,,,
E166,Company B,Operations,Delayed Adaptor,2,67.39,29.0,29.0,21.0,74.0,65.0,11.0,93.0,0.5,,,,,,,
E166,Company B,Operations,Delayed Adaptor,3,72.71,29.0,29.0,21.0,74.0,65.0,11.0,93.0,0.5,,,,,,,
E166,Company B,Operations,Delayed Adaptor,4,76.51,29.0,29.0,21.0,74.0,65.0,11.0,93.0,0.5,,,,,,,
E166,Company B,Operations,Delayed Adaptor,5,77.92,29.0,29.0,21.0,74.0,65.0,11.0,93.0,0.5,,,,,,,
E166,Company B,Operations,Delayed Adaptor,6,77.82,29.0,29.0,21.0,74.0,65.0,11.0,93.0,0.5,,,,,,,
E167,Company B,IT,Declining,-6,73.16,14.0,1.0,51.0,43.0,53.0,17.0,2.0,0.1,,,,,,,
E167,Company B,IT,Declining,-5,76.6,14.0,1.0,51.0,43.0,53.0,17.0,2.0,0.1,,,,,,,
E167,Company B,IT,Declining,-4,76.32,14.0,1.0,51.0,43.0,53.0,17.0,2.0,0.1,,,,,,,
E167,Company B,IT,Declining,-3,75.02,14.0,1.0,51.0,43.0,53.0,17.0,2.0,0.1,,,,,,,
E167,Company B,IT,Declining,-2,76.81,14.0,1.0,51.0,43.0,53.0,17.0,2.0,0.1,,,,,,,
E167,Company B,IT,Declining,-1,73.12,14.0,1.0,51.0,43.0,53.0,17.0,2.0,0.1,,,,,,,
E167,Company B,IT,Declining,0,58.54,14.0,1.0,51.0,43.0,53.0,17.0,2.0,0.1,,,,,,,
E167,Company B,IT,Declining,1,59.62,14.0,1.0,51.0,43.0,53.0,17.0,2.0,0.1,,,,,,,
E167,Company B,IT,Declining,2,56.58,14.0,1.0,51.0,43.0,53.0,17.0,2.0,0.1,,,,,,,
E167,Company B,IT,Declining,3,60.41,14.0,1.0,51.0,43.0,53.0,17.0,2.0,0.1,,,,,,,
E167,Company B,IT,Declining,4,62.48,14.0,1.0,51.0,43.0,53.0,17.0,2.0,0.1,,,,,,,
E167,Company B,IT,Declining,5,60.89,14.0,1.0,51.0,43.0,53.0,17.0,2.0,0.1,,,,,,,
E167,Company B,IT,Declining,6,61.91,14.0,1.0,51.0,43.0,53.0,17.0,2.0,0.1,,,,,,,
E168,Company B,Marketing,Delayed Adaptor,-6,81.22,95.0,91.0,50.0,48.0,8.0,57.0,44.0,0.5,,,,,,,
E168,Company B,Marketing,Delayed Adaptor,-5,78.98,95.0,91.0,50.0,48.0,8.0,57.0,44.0,0.5,,,,,,,
E168,Company B,Marketing,Delayed Adaptor,-4,82.19,95.0,91.0,50.0,48.0,8.0,57.0,44.0,0.5,,,,,,,
E168,Company B,Marketing,Delayed Adaptor,-3,80.68,95.0,91.0,50.0,48.0,8.0,57.0,44.0,0.5,,,,,,,
E168,Company B,Marketing,Delayed Adaptor,-2,82.83,95.0,91.0,50.0,48.0,8.0,57.0,44.0,0.5,,,,,,,
E168,Company B,Marketing,Delayed Adaptor,-1,83.23,95.0,91.0,50.0,48.0,8.0,57.0,44.0,0.5,,,,,,,
E168,Company B,Marketing,Delayed Adaptor,0,58.4,95.0,91.0,50.0,48.0,8.0,57.0,44.0,0.5,,,,,,,
E168,Company B,Marketing,Delayed Adaptor,1,62.34,95.0,91.0,50.0,48.0,8.0,57.0,44.0,0.5,,,,,,,
E168,Company B,Marketing,Delayed Adaptor,2,68.46,95.0,91.0,50.0,48.0,8.0,57.0,44.0,0.5,,,,,,,
E168,Company B,Marketing,Delayed Adaptor,3,66.27,95.0,91.0,50.0,48.0,8.0,57.0,44.0,0.5,,,,,,,
E168,Company B,Marketing,Delayed Adaptor,4,75.21,95.0,91.0,50.0,48.0,8.0,57.0,44.0,0.5,,,,,,,
E168,Company B,Marketing,Delayed Adaptor,5,74.45,95.0,91.0,50.0,48.0,8.0,57.0,44.0,0.5,,,,,,,
E168,Company B,Marketing,Delayed Adaptor,6,79.06,95.0,91.0,50.0,48.0,8.0,57.0,44.0,0.5,,,,,,,
E169,Company B,HR,Vulnerable,-6,82.18,66.0,44.0,7.0,86.0,15.0,76.0,66.0,0.25,,,,,,,
E169,Company B,HR,Vulnerable,-5,80.48,66.0,44.0,7.0,86.0,15.0,76.0,66.0,0.25,,,,,,,
E169,Company B,HR,Vulnerable,-4,77.46,66.0,44.0,7.0,86.0,15.0,76.0,66.0,0.25,,,,,,,
E169,Company B,HR,Vulnerable,-3,79.31,66.0,44.0,7.0,86.0,15.0,76.0,66.0,0.25,,,,,,,
E169,Company B,HR,Vulnerable,-2,80.4,66.0,44.0,7.0,86.0,15.0,76.0,66.0,0.25,,,,,,,
E169,Company B,HR,Vulnerable,-1,79.22,66.0,44.0,7.0,86.0,15.0,76.0,66.0,0.25,,,,,,,
E169,Company B,HR,Vulnerable,0,63.53,66.0,44.0,7.0,86.0,15.0,76.0,66.0,0.25,,,,,,,
E169,Company B,HR,Vulnerable,1,65.31,66.0,44.0,7.0,86.0,15.0,76.0,66.0,0.25,,,,,,,
E169,Company B,HR,Vulnerable,2,66.86,66.0,44.0,7.0,86.0,15.0,76.0,66.0,0.25,,,,,,,
E169,Company B,HR,Vulnerable,3,68.65,66.0,44.0,7.0,86.0,15.0,76.0,66.0,0.25,,,,,,,
E169,Company B,HR,Vulnerable,4,67.95,66.0,44.0,7.0,86.0,15.0,76.0,66.0,0.25,,,,,,,
E169,Company B,HR,Vulnerable,5,70.17,66.0,44.0,7.0,86.0,15.0,76.0,66.0,0.25,,,,,,,
E169,Company B,HR,Vulnerable,6,70.56,66.0,44.0,7.0,86.0,15.0,76.0,66.0,0.25,,,,,,,
E170,Company B,Marketing,Resilient,-6,88.74,17.0,61.0,12.0,42.0,77.0,27.0,17.0,0.9,,,,,,,
E170,Company B,Marketing,Resilient,-5,87.42,17.0,61.0,12.0,42.0,77.0,27.0,17.0,0.9,,,,,,,
E170,Company B,Marketing,Resilient,-4,86.9,17.0,61.0,12.0,42.0,77.0,27.0,17.0,0.9,,,,,,,
E170,Company B,Marketing,Resilient,-3,86.8,17.0,61.0,12.0,42.0,77.0,27.0,17.0,0.9,,,,,,,
E170,Company B,Marketing,Resilient,-2,90.64,17.0,61.0,12.0,42.0,77.0,27.0,17.0,0.9,,,,,,,
E170,Company B,Marketing,Resilient,-1,89.64,17.0,61.0,12.0,42.0,77.0,27.0,17.0,0.9,,,,,,,
E170,Company B,Marketing,Resilient,0,83.29,17.0,61.0,12.0,42.0,77.0,27.0,17.0,0.9,,,,,,,
E170,Company B,Marketing,Resilient,1,85.4,17.0,61.0,12.0,42.0,77.0,27.0,17.0,0.9,,,,,,,
E170,Company B,Marketing,Resilient,2,89.17,17.0,61.0,12.0,42.0,77.0,27.0,17.0,0.9,,,,,,,
E170,Company B,Marketing,Resilient,3,93.72,17.0,61.0,12.0,42.0,77.0,27.0,17.0,0.9,,,,,,,
E170,Company B,Marketing,Resilient,4,96.44,17.0,61.0,12.0,42.0,77.0,27.0,17.0,0.9,,,,,,,
E170,Company B,Marketing,Resilient,5,100.0,17.0,61.0,12.0,42.0,77.0,27.0,17.0,0.9,,,,,,,
E170,Company B,Marketing,Resilient,6,100.0,17.0,61.0,12.0,42.0,77.0,27.0,17.0,0.9,,,,,,,
E171,Company B,HR,Delayed Adaptor,-6,70.27,76.0,54.0,74.0,18.0,34.0,52.0,25.0,0.5,,,,,,,
E171,Company B,HR,Delayed Adaptor,-5,69.17,76.0,54.0,74.0,18.0,34.0,52.0,25.0,0.5,,,,,,,
E171,Company B,HR,Delayed Adaptor,-4,67.43,76.0,54.0,74.0,18.0,34.0,52.0,25.0,0.5,,,,,,,
E171,Company B,HR,Delayed Adaptor,-3,70.82,76.0,54.0,74.0,18.0,34.0,52.0,25.0,0.5,,,,,,,
E171,Company B,HR,Delayed Adaptor,-2,70.05,76.0,54.0,74.0,18.0,34.0,52.0,25.0,0.5,,,,,,,
E171,Company B,HR,Delayed Adaptor,-1,71.17,76.0,54.0,74.0,18.0,34.0,52.0,25.0,0.5,,,,,,,
E171,Company B,HR,Delayed Adaptor,0,46.4,76.0,54.0,74.0,18.0,34.0,52.0,25.0,0.5,,,,,,,
E171,Company B,HR,Delayed Adaptor,1,52.74,76.0,54.0,74.0,18.0,34.0,52.0,25.0,0.5,,,,,,,
E171,Company B,HR,Delayed Adaptor,2,51.37,76.0,54.0,74.0,18.0,34.0,52.0,25.0,0.5,,,,,,,
E171,Company B,HR,Delayed Adaptor,3,59.38,76.0,54.0,74.0,18.0,34.0,52.0,25.0,0.5,,,,,,,
E171,Company B,HR,Delayed Adaptor,4,55.29,76.0,54.0,74.0,18.0,34.0,52.0,25.0,0.5,,,,,,,
E171,Company B,HR,Delayed Adaptor,5,62.48,76.0,54.0,74.0,18.0,34.0,52.0,25.0,0.5,,,,,,,
E171,Company B,HR,Delayed Adaptor,6,65.39,76.0,54.0,74.0,18.0,34.0,52.0,25.0,0.5,,,,,,,
E172,Company B,Operations,Declining,-6,81.58,76.0,86.0,53.0,21.0,15.0,27.0,34.0,0.1,,,,,,,
E172,Company B,Operations,Declining,-5,84.88,76.0,86.0,53.0,21.0,15.0,27.0,34.0,0.1,,,,,,,
E172,Company B,Operations,Declining,-4,79.81,76.0,86.0,53.0,21.0,15.0,27.0,34.0,0.1,,,,,,,
E172,Company B,Operations,Declining,-3,76.89,76.0,86.0,53.0,21.0,15.0,27.0,34.0,0.1,,,,,,,
E172,Company B,Operations,Declining,-2,81.1,76.0,86.0,53.0,21.0,15.0,27.0,34.0,0.1,,,,,,,
E172,Company B,Operations,Declining,-1,84.43,76.0,86.0,53.0,21.0,15.0,27.0,34.0,0.1,,,,,,,
E172,Company B,Operations,Declining,0,56.45,76.0,86.0,53.0,21.0,15.0,27.0,34.0,0.1,,,,,,,
E172,Company B,Operations,Declining,1,57.24,76.0,86.0,53.0,21.0,15.0,27.0,34.0,0.1,,,,,,,
E172,Company B,Operations,Declining,2,59.82,76.0,86.0,53.0,21.0,15.0,27.0,34.0,0.1,,,,,,,
E172,Company B,Operations,Declining,3,64.11,76.0,86.0,53.0,21.0,15.0,27.0,34.0,0.1,,,,,,,
E172,Company B,Operations,Declining,4,55.94,76.0,86.0,53.0,21.0,15.0,27.0,34.0,0.1,,,,,,,
E172,Company B,Operations,Declining,5,55.55,76.0,86.0,53.0,21.0,15.0,27.0,34.0,0.1,,,,,,,
E172,Company B,Operations,Declining,6,58.71,76.0,86.0,53.0,21.0,15.0,27.0,34.0,0.1,,,,,,,
E173,Company B,Marketing,Rapid Adaptor,-6,77.9,47.0,83.0,90.0,5.0,90.0,8.0,56.0,0.8,,,,,,,
E173,Company B,Marketing,Rapid Adaptor,-5,75.72,47.0,83.0,90.0,5.0,90.0,8.0,56.0,0.8,,,,,,,
E173,Company B,Marketing,Rapid Adaptor,-4,81.13,47.0,83.0,90.0,5.0,90.0,8.0,56.0,0.8,,,,,,,
E173,Company B,Marketing,Rapid Adaptor,-3,75.45,47.0,83.0,90.0,5.0,90.0,8.0,56.0,0.8,,,,,,,
E173,Company B,Marketing,Rapid Adaptor,-2,75.02,47.0,83.0,90.0,5.0,90.0,8.0,56.0,0.8,,,,,,,
E173,Company B,Marketing,Rapid Adaptor,-1,79.86,47.0,83.0,90.0,5.0,90.0,8.0,56.0,0.8,,,,,,,
E173,Company B,Marketing,Rapid Adaptor,0,58.9,47.0,83.0,90.0,5.0,90.0,8.0,56.0,0.8,,,,,,,
E173,Company B,Marketing,Rapid Adaptor,1,62.57,47.0,83.0,90.0,5.0,90.0,8.0,56.0,0.8,,,,,,,
E173,Company B,Marketing,Rapid Adaptor,2,70.91,47.0,83.0,90.0,5.0,90.0,8.0,56.0,0.8,,,,,,,
E173,Company B,Marketing,Rapid Adaptor,3,75.08,47.0,83.0,90.0,5.0,90.0,8.0,56.0,0.8,,,,,,,
E173,Company B,Marketing,Rapid Adaptor,4,79.03,47.0,83.0,90.0,5.0,90.0,8.0,56.0,0.8,,,,,,,
E173,Company B,Marketing,Rapid Adaptor,5,85.89,47.0,83.0,90.0,5.0,90.0,8.0,56.0,0.8,,,,,,,
E173,Company B,Marketing,Rapid Adaptor,6,86.49,47.0,83.0,90.0,5.0,90.0,8.0,56.0,0.8,,,,,,,
E174,Company B,Operations,Stable Specialist,-6,75.35,98.0,96.0,23.0,18.0,17.0,63.0,87.0,0.6,,,,,,,
E174,Company B,Operations,Stable Specialist,-5,75.71,98.0,96.0,23.0,18.0,17.0,63.0,87.0,0.6,,,,,,,
E174,Company B,Operations,Stable Specialist,-4,77.4,98.0,96.0,23.0,18.0,17.0,63.0,87.0,0.6,,,,,,,
E174,Company B,Operations,Stable Specialist,-3,75.7,98.0,96.0,23.0,18.0,17.0,63.0,87.0,0.6,,,,,,,
E174,Company B,Operations,Stable Specialist,-2,77.06,98.0,96.0,23.0,18.0,17.0,63.0,87.0,0.6,,,,,,,
E174,Company B,Operations,Stable Specialist,-1,74.65,98.0,96.0,23.0,18.0,17.0,63.0,87.0,0.6,,,,,,,
E174,Company B,Operations,Stable Specialist,0,62.58,98.0,96.0,23.0,18.0,17.0,63.0,87.0,0.6,,,,,,,
E174,Company B,Operations,Stable Specialist,1,64.04,98.0,96.0,23.0,18.0,17.0,63.0,87.0,0.6,,,,,,,
E174,Company B,Operations,Stable Specialist,2,67.24,98.0,96.0,23.0,18.0,17.0,63.0,87.0,0.6,,,,,,,
E174,Company B,Operations,Stable Specialist,3,67.76,98.0,96.0,23.0,18.0,17.0,63.0,87.0,0.6,,,,,,,
E174,Company B,Operations,Stable Specialist,4,74.32,98.0,96.0,23.0,18.0,17.0,63.0,87.0,0.6,,,,,,,
E174,Company B,Operations,Stable Specialist,5,75.53,98.0,96.0,23.0,18.0,17.0,63.0,87.0,0.6,,,,,,,
E174,Company B,Operations,Stable Specialist,6,79.36,98.0,96.0,23.0,18.0,17.0,63.0,87.0,0.6,,,,,,,
E175,Company B,HR,Declining,-6,83.85,20.0,69.0,95.0,47.0,38.0,30.0,9.0,0.1,,,,,,,
E175,Company B,HR,Declining,-5,82.22,20.0,69.0,95.0,47.0,38.0,30.0,9.0,0.1,,,,,,,
E175,Company B,HR,Declining,-4,80.53,20.0,69.0,95.0,47.0,38.0,30.0,9.0,0.1,,,,,,,
E175,Company B,HR,Declining,-3,86.33,20.0,69.0,95.0,47.0,38.0,30.0,9.0,0.1,,,,,,,
E175,Company B,HR,Declining,-2,86.02,20.0,69.0,95.0,47.0,38.0,30.0,9.0,0.1,,,,,,,
E175,Company B,HR,Declining,-1,83.44,20.0,69.0,95.0,47.0,38.0,30.0,9.0,0.1,,,,,,,
E175,Company B,HR,Declining,0,71.46,20.0,69.0,95.0,47.0,38.0,30.0,9.0,0.1,,,,,,,
E175,Company B,HR,Declining,1,72.77,20.0,69.0,95.0,47.0,38.0,30.0,9.0,0.1,,,,,,,
E175,Company B,HR,Declining,2,69.98,20.0,69.0,95.0,47.0,38.0,30.0,9.0,0.1,,,,,,,
E175,Company B,HR,Declining,3,68.93,20.0,69.0,95.0,47.0,38.0,30.0,9.0,0.1,,,,,,,
E175,Company B,HR,Declining,4,67.88,20.0,69.0,95.0,47.0,38.0,30.0,9.0,0.1,,,,,,,
E175,Company B,HR,Declining,5,68.28,20.0,69.0,95.0,47.0,38.0,30.0,9.0,0.1,,,,,,,
E175,Company B,HR,Declining,6,65.76,20.0,69.0,95.0,47.0,38.0,30.0,9.0,0.1,,,,,,,
E176,Company B,Sales,Delayed Adaptor,-6,68.27,72.0,51.0,70.0,1.0,55.0,59.0,22.0,0.5,,,,,,,
E176,Company B,Sales,Delayed Adaptor,-5,66.9,72.0,51.0,70.0,1.0,55.0,59.0,22.0,0.5,,,,,,,
E176,Company B,Sales,Delayed Adaptor,-4,65.83,72.0,51.0,70.0,1.0,55.0,59.0,22.0,0.5,,,,,,,
E176,Company B,Sales,Delayed Adaptor,-3,69.04,72.0,51.0,70.0,1.0,55.0,59.0,22.0,0.5,,,,,,,
E176,Company B,Sales,Delayed Adaptor,-2,66.74,72.0,51.0,70.0,1.0,55.0,59.0,22.0,0.5,,,,,,,
E176,Company B,Sales,Delayed Adaptor,-1,66.96,72.0,51.0,70.0,1.0,55.0,59.0,22.0,0.5,,,,,,,
E176,Company B,Sales,Delayed Adaptor,0,55.5,72.0,51.0,70.0,1.0,55.0,59.0,22.0,0.5,,,,,,,
E176,Company B,Sales,Delayed Adaptor,1,58.34,72.0,51.0,70.0,1.0,55.0,59.0,22.0,0.5,,,,,,,
E176,Company B,Sales,Delayed Adaptor,2,62.14,72.0,51.0,70.0,1.0,55.0,59.0,22.0,0.5,,,,,,,
E176,Company B,Sales,Delayed Adaptor,3,69.61,72.0,51.0,70.0,1.0,55.0,59.0,22.0,0.5,,,,,,,
E176,Company B,Sales,Delayed Adaptor,4,66.97,72.0,51.0,70.0,1.0,55.0,59.0,22.0,0.5,,,,,,,
E176,Company B,Sales,Delayed Adaptor,5,70.74,72.0,51.0,70.0,1.0,55.0,59.0,22.0,0.5,,,,,,,
E176,Company B,Sales,Delayed Adaptor,6,78.45,72.0,51.0,70.0,1.0,55.0,59.0,22.0,0.5,,,,,,,
E177,Company B,Marketing,Vulnerable,-6,94.18,82.0,85.0,58.0,59.0,82.0,61.0,15.0,0.25,,,,,,,
E177,Company B,Marketing,Vulnerable,-5,92.03,82.0,85.0,58.0,59.0,82.0,61.0,15.0,0.25,,,,,,,
E177,Company B,Marketing,Vulnerable,-4,95.39,82.0,85.0,58.0,59.0,82.0,61.0,15.0,0.25,,,,,,,
E177,Company B,Marketing,Vulnerable,-3,92.18,82.0,85.0,58.0,59.0,82.0,61.0,15.0,0.25,,,,,,,
E177,Company B,Marketing,Vulnerable,-2,94.1,82.0,85.0,58.0,59.0,82.0,61.0,15.0,0.25,,,,,,,
E177,Company B,Marketing,Vulnerable,-1,95.76,82.0,85.0,58.0,59.0,82.0,61.0,15.0,0.25,,,,,,,
E177,Company B,Marketing,Vulnerable,0,75.69,82.0,85.0,58.0,59.0,82.0,61.0,15.0,0.25,,,,,,,
E177,Company B,Marketing,Vulnerable,1,73.76,82.0,85.0,58.0,59.0,82.0,61.0,15.0,0.25,,,,,,,
E177,Company B,Marketing,Vulnerable,2,76.58,82.0,85.0,58.0,59.0,82.0,61.0,15.0,0.25,,,,,,,
E177,Company B,Marketing,Vulnerable,3,76.29,82.0,85.0,58.0,59.0,82.0,61.0,15.0,0.25,,,,,,,
E177,Company B,Marketing,Vulnerable,4,83.37,82.0,85.0,58.0,59.0,82.0,61.0,15.0,0.25,,,,,,,
E177,Company B,Marketing,Vulnerable,5,81.28,82.0,85.0,58.0,59.0,82.0,61.0,15.0,0.25,,,,,,,
E177,Company B,Marketing,Vulnerable,6,81.25,82.0,85.0,58.0,59.0,82.0,61.0,15.0,0.25,,,,,,,
E178,Company B,Marketing,Declining,-6,75.11,23.0,17.0,86.0,5.0,28.0,24.0,54.0,0.1,,,,,,,
E178,Company B,Marketing,Declining,-5,73.0,23.0,17.0,86.0,5.0,28.0,24.0,54.0,0.1,,,,,,,
E178,Company B,Marketing,Declining,-4,75.15,23.0,17.0,86.0,5.0,28.0,24.0,54.0,0.1,,,,,,,
E178,Company B,Marketing,Declining,-3,77.08,23.0,17.0,86.0,5.0,28.0,24.0,54.0,0.1,,,,,,,
E178,Company B,Marketing,Declining,-2,73.87,23.0,17.0,86.0,5.0,28.0,24.0,54.0,0.1,,,,,,,
E178,Company B,Marketing,Declining,-1,74.84,23.0,17.0,86.0,5.0,28.0,24.0,54.0,0.1,,,,,,,
E178,Company B,Marketing,Declining,0,56.47,23.0,17.0,86.0,5.0,28.0,24.0,54.0,0.1,,,,,,,
E178,Company B,Marketing,Declining,1,59.44,23.0,17.0,86.0,5.0,28.0,24.0,54.0,0.1,,,,,,,
E178,Company B,Marketing,Declining,2,59.82,23.0,17.0,86.0,5.0,28.0,24.0,54.0,0.1,,,,,,,
E178,Company B,Marketing,Declining,3,61.15,23.0,17.0,86.0,5.0,28.0,24.0,54.0,0.1,,,,,,,
E178,Company B,Marketing,Declining,4,59.91,23.0,17.0,86.0,5.0,28.0,24.0,54.0,0.1,,,,,,,
E178,Company B,Marketing,Declining,5,62.8,23.0,17.0,86.0,5.0,28.0,24.0,54.0,0.1,,,,,,,
E178,Company B,Marketing,Declining,6,61.8,23.0,17.0,86.0,5.0,28.0,24.0,54.0,0.1,,,,,,,
E179,Company B,Sales,Declining,-6,82.91,6.0,26.0,0.0,90.0,79.0,70.0,43.0,0.1,,,,,,,
E179,Company B,Sales,Declining,-5,86.07,6.0,26.0,0.0,90.0,79.0,70.0,43.0,0.1,,,,,,,
E179,Company B,Sales,Declining,-4,86.72,6.0,26.0,0.0,90.0,79.0,70.0,43.0,0.1,,,,,,,
E179,Company B,Sales,Declining,-3,86.8,6.0,26.0,0.0,90.0,79.0,70.0,43.0,0.1,,,,,,,
E179,Company B,Sales,Declining,-2,80.19,6.0,26.0,0.0,90.0,79.0,70.0,43.0,0.1,,,,,,,
E179,Company B,Sales,Declining,-1,83.41,6.0,26.0,0.0,90.0,79.0,70.0,43.0,0.1,,,,,,,
E179,Company B,Sales,Declining,0,61.15,6.0,26.0,0.0,90.0,79.0,70.0,43.0,0.1,,,,,,,
E179,Company B,Sales,Declining,1,63.77,6.0,26.0,0.0,90.0,79.0,70.0,43.0,0.1,,,,,,,
E179,Company B,Sales,Declining,2,60.78,6.0,26.0,0.0,90.0,79.0,70.0,43.0,0.1,,,,,,,
E179,Company B,Sales,Declining,3,66.76,6.0,26.0,0.0,90.0,79.0,70.0,43.0,0.1,,,,,,,
E179,Company B,Sales,Declining,4,66.58,6.0,26.0,0.0,90.0,79.0,70.0,43.0,0.1,,,,,,,
E179,Company B,Sales,Declining,5,65.56,6.0,26.0,0.0,90.0,79.0,70.0,43.0,0.1,,,,,,,
E179,Company B,Sales,Declining,6,65.12,6.0,26.0,0.0,90.0,79.0,70.0,43.0,0.1,,,,,,,
E180,Company B,IT,Declining,-6,76.38,78.0,78.0,69.0,26.0,14.0,49.0,35.0,0.1,,,,,,,
E180,Company B,IT,Declining,-5,80.37,78.0,78.0,69.0,26.0,14.0,49.0,35.0,0.1,,,,,,,
E180,Company B,IT,Declining,-4,79.14,78.0,78.0,69.0,26.0,14.0,49.0,35.0,0.1,,,,,,,
E180,Company B,IT,Declining,-3,78.28,78.0,78.0,69.0,26.0,14.0,49.0,35.0,0.1,,,,,,,
E180,Company B,IT,Declining,-2,78.72,78.0,78.0,69.0,26.0,14.0,49.0,35.0,0.1,,,,,,,
E180,Company B,IT,Declining,-1,75.88,78.0,78.0,69.0,26.0,14.0,49.0,35.0,0.1,,,,,,,
E180,Company B,IT,Declining,0,60.0,78.0,78.0,69.0,26.0,14.0,49.0,35.0,0.1,,,,,,,
E180,Company B,IT,Declining,1,59.75,78.0,78.0,69.0,26.0,14.0,49.0,35.0,0.1,,,,,,,
E180,Company B,IT,Declining,2,57.78,78.0,78.0,69.0,26.0,14.0,49.0,35.0,0.1,,,,,,,
E180,Company B,IT,Declining,3,59.21,78.0,78.0,69.0,26.0,14.0,49.0,35.0,0.1,,,,,,,
E180,Company B,IT,Declining,4,60.55,78.0,78.0,69.0,26.0,14.0,49.0,35.0,0.1,,,,,,,
E180,Company B,IT,Declining,5,59.85,78.0,78.0,69.0,26.0,14.0,49.0,35.0,0.1,,,,,,,
E180,Company B,IT,Declining,6,56.5,78.0,78.0,69.0,26.0,14.0,49.0,35.0,0.1,,,,,,,
E181,Company B,Operations,Vulnerable,-6,88.73,83.0,84.0,60.0,21.0,34.0,100.0,15.0,0.25,,,,,,,
E181,Company B,Operations,Vulnerable,-5,86.13,83.0,84.0,60.0,21.0,34.0,100.0,15.0,0.25,,,,,,,
E181,Company B,Operations,Vulnerable,-4,85.6,83.0,84.0,60.0,21.0,34.0,100.0,15.0,0.25,,,,,,,
E181,Company B,Operations,Vulnerable,-3,89.41,83.0,84.0,60.0,21.0,34.0,100.0,15.0,0.25,,,,,,,
E181,Company B,Operations,Vulnerable,-2,88.56,83.0,84.0,60.0,21.0,34.0,100.0,15.0,0.25,,,,,,,
E181,Company B,Operations,Vulnerable,-1,88.69,83.0,84.0,60.0,21.0,34.0,100.0,15.0,0.25,,,,,,,
E181,Company B,Operations,Vulnerable,0,59.66,83.0,84.0,60.0,21.0,34.0,100.0,15.0,0.25,,,,,,,
E181,Company B,Operations,Vulnerable,1,64.33,83.0,84.0,60.0,21.0,34.0,100.0,15.0,0.25,,,,,,,
E181,Company B,Operations,Vulnerable,2,59.71,83.0,84.0,60.0,21.0,34.0,100.0,15.0,0.25,,,,,,,
E181,Company B,Operations,Vulnerable,3,67.37,83.0,84.0,60.0,21.0,34.0,100.0,15.0,0.25,,,,,,,
E181,Company B,Operations,Vulnerable,4,66.48,83.0,84.0,60.0,21.0,34.0,100.0,15.0,0.25,,,,,,,
E181,Company B,Operations,Vulnerable,5,68.38,83.0,84.0,60.0,21.0,34.0,100.0,15.0,0.25,,,,,,,
E181,Company B,Operations,Vulnerable,6,67.73,83.0,84.0,60.0,21.0,34.0,100.0,15.0,0.25,,,,,,,
E182,Company B,Sales,Vulnerable,-6,81.27,37.0,96.0,17.0,70.0,64.0,96.0,0.0,0.25,,,,,,,
E182,Company B,Sales,Vulnerable,-5,80.88,37.0,96.0,17.0,70.0,64.0,96.0,0.0,0.25,,,,,,,
E182,Company B,Sales,Vulnerable,-4,80.37,37.0,96.0,17.0,70.0,64.0,96.0,0.0,0.25,,,,,,,
E182,Company B,Sales,Vulnerable,-3,86.26,37.0,96.0,17.0,70.0,64.0,96.0,0.0,0.25,,,,,,,
E182,Company B,Sales,Vulnerable,-2,84.97,37.0,96.0,17.0,70.0,64.0,96.0,0.0,0.25,,,,,,,
E182,Company B,Sales,Vulnerable,-1,83.14,37.0,96.0,17.0,70.0,64.0,96.0,0.0,0.25,,,,,,,
E182,Company B,Sales,Vulnerable,0,59.87,37.0,96.0,17.0,70.0,64.0,96.0,0.0,0.25,,,,,,,
E182,Company B,Sales,Vulnerable,1,61.04,37.0,96.0,17.0,70.0,64.0,96.0,0.0,0.25,,,,,,,
E182,Company B,Sales,Vulnerable,2,65.78,37.0,96.0,17.0,70.0,64.0,96.0,0.0,0.25,,,,,,,
E182,Company B,Sales,Vulnerable,3,68.81,37.0,96.0,17.0,70.0,64.0,96.0,0.0,0.25,,,,,,,
E182,Company B,Sales,Vulnerable,4,65.19,37.0,96.0,17.0,70.0,64.0,96.0,0.0,0.25,,,,,,,
E182,Company B,Sales,Vulnerable,5,70.09,37.0,96.0,17.0,70.0,64.0,96.0,0.0,0.25,,,,,,,
E182,Company B,Sales,Vulnerable,6,69.27,37.0,96.0,17.0,70.0,64.0,96.0,0.0,0.25,,,,,,,
E183,Company B,Sales,Rapid Adaptor,-6,84.55,6.0,39.0,69.0,85.0,64.0,67.0,48.0,0.8,,,,,,,
E183,Company B,Sales,Rapid Adaptor,-5,83.27,6.0,39.0,69.0,85.0,64.0,67.0,48.0,0.8,,,,,,,
E183,Company B,Sales,Rapid Adaptor,-4,80.84,6.0,39.0,69.0,85.0,64.0,67.0,48.0,0.8,,,,,,,
E183,Company B,Sales,Rapid Adaptor,-3,83.95,6.0,39.0,69.0,85.0,64.0,67.0,48.0,0.8,,,,,,,
E183,Company B,Sales,Rapid Adaptor,-2,80.95,6.0,39.0,69.0,85.0,64.0,67.0,48.0,0.8,,,,,,,
E183,Company B,Sales,Rapid Adaptor,-1,80.38,6.0,39.0,69.0,85.0,64.0,67.0,48.0,0.8,,,,,,,
E183,Company B,Sales,Rapid Adaptor,0,68.29,6.0,39.0,69.0,85.0,64.0,67.0,48.0,0.8,,,,,,,
E183,Company B,Sales,Rapid Adaptor,1,70.03,6.0,39.0,69.0,85.0,64.0,67.0,48.0,0.8,,,,,,,
E183,Company B,Sales,Rapid Adaptor,2,78.27,6.0,39.0,69.0,85.0,64.0,67.0,48.0,0.8,,,,,,,
E183,Company B,Sales,Rapid Adaptor,3,77.43,6.0,39.0,69.0,85.0,64.0,67.0,48.0,0.8,,,,,,,
E183,Company B,Sales,Rapid Adaptor,4,82.39,6.0,39.0,69.0,85.0,64.0,67.0,48.0,0.8,,,,,,,
E183,Company B,Sales,Rapid Adaptor,5,84.46,6.0,39.0,69.0,85.0,64.0,67.0,48.0,0.8,,,,,,,
E183,Company B,Sales,Rapid Adaptor,6,92.2,6.0,39.0,69.0,85.0,64.0,67.0,48.0,0.8,,,,,,,
E184,Company B,HR,Rapid Adaptor,-6,75.04,16.0,37.0,13.0,86.0,88.0,78.0,55.0,0.8,,,,,,,
E184,Company B,HR,Rapid Adaptor,-5,77.17,16.0,37.0,13.0,86.0,88.0,78.0,55.0,0.8,,,,,,,
E184,Company B,HR,Rapid Adaptor,-4,79.41,16.0,37.0,13.0,86.0,88.0,78.0,55.0,0.8,,,,,,,
E184,Company B,HR,Rapid Adaptor,-3,77.98,16.0,37.0,13.0,86.0,88.0,78.0,55.0,0.8,,,,,,,
E184,Company B,HR,Rapid Adaptor,-2,75.98,16.0,37.0,13.0,86.0,88.0,78.0,55.0,0.8,,,,,,,
E184,Company B,HR,Rapid Adaptor,-1,77.32,16.0,37.0,13.0,86.0,88.0,78.0,55.0,0.8,,,,,,,
E184,Company B,HR,Rapid Adaptor,0,61.44,16.0,37.0,13.0,86.0,88.0,78.0,55.0,0.8,,,,,,,
E184,Company B,HR,Rapid Adaptor,1,66.24,16.0,37.0,13.0,86.0,88.0,78.0,55.0,0.8,,,,,,,
E184,Company B,HR,Rapid Adaptor,2,69.86,16.0,37.0,13.0,86.0,88.0,78.0,55.0,0.8,,,,,,,
E184,Company B,HR,Rapid Adaptor,3,74.48,16.0,37.0,13.0,86.0,88.0,78.0,55.0,0.8,,,,,,,
E184,Company B,HR,Rapid Adaptor,4,79.53,16.0,37.0,13.0,86.0,88.0,78.0,55.0,0.8,,,,,,,
E184,Company B,HR,Rapid Adaptor,5,81.41,16.0,37.0,13.0,86.0,88.0,78.0,55.0,0.8,,,,,,,
E184,Company B,HR,Rapid Adaptor,6,85.66,16.0,37.0,13.0,86.0,88.0,78.0,55.0,0.8,,,,,,,
E185,Company B,Sales,Rapid Adaptor,-6,97.56,9.0,49.0,80.0,100.0,11.0,69.0,21.0,0.8,,,,,,,
E185,Company B,Sales,Rapid Adaptor,-5,95.28,9.0,49.0,80.0,100.0,11.0,69.0,21.0,0.8,,,,,,,
E185,Company B,Sales,Rapid Adaptor,-4,92.56,9.0,49.0,80.0,100.0,11.0,69.0,21.0,0.8,,,,,,,
E185,Company B,Sales,Rapid Adaptor,-3,94.51,9.0,49.0,80.0,100.0,11.0,69.0,21.0,0.8,,,,,,,
E185,Company B,Sales,Rapid Adaptor,-2,93.47,9.0,49.0,80.0,100.0,11.0,69.0,21.0,0.8,,,,,,,
E185,Company B,Sales,Rapid Adaptor,-1,93.95,9.0,49.0,80.0,100.0,11.0,69.0,21.0,0.8,,,,,,,
E185,Company B,Sales,Rapid Adaptor,0,88.03,9.0,49.0,80.0,100.0,11.0,69.0,21.0,0.8,,,,,,,
E185,Company B,Sales,Rapid Adaptor,1,92.56,9.0,49.0,80.0,100.0,11.0,69.0,21.0,0.8,,,,,,,
E185,Company B,Sales,Rapid Adaptor,2,98.25,9.0,49.0,80.0,100.0,11.0,69.0,21.0,0.8,,,,,,,
E185,Company B,Sales,Rapid Adaptor,3,100.0,9.0,49.0,80.0,100.0,11.0,69.0,21.0,0.8,,,,,,,
E185,Company B,Sales,Rapid Adaptor,4,100.0,9.0,49.0,80.0,100.0,11.0,69.0,21.0,0.8,,,,,,,
E185,Company B,Sales,Rapid Adaptor,5,100.0,9.0,49.0,80.0,100.0,11.0,69.0,21.0,0.8,,,,,,,
E185,Company B,Sales,Rapid Adaptor,6,100.0,9.0,49.0,80.0,100.0,11.0,69.0,21.0,0.8,,,,,,,
E186,Company B,Finance,Declining,-6,97.62,28.0,25.0,34.0,78.0,66.0,86.0,28.0,0.1,,,,,,,
E186,Company B,Finance,Declining,-5,96.26,28.0,25.0,34.0,78.0,66.0,86.0,28.0,0.1,,,,,,,
E186,Company B,Finance,Declining,-4,95.6,28.0,25.0,34.0,78.0,66.0,86.0,28.0,0.1,,,,,,,
E186,Company B,Finance,Declining,-3,98.73,28.0,25.0,34.0,78.0,66.0,86.0,28.0,0.1,,,,,,,
E186,Company B,Finance,Declining,-2,93.82,28.0,25.0,34.0,78.0,66.0,86.0,28.0,0.1,,,,,,,
E186,Company B,Finance,Declining,-1,94.72,28.0,25.0,34.0,78.0,66.0,86.0,28.0,0.1,,,,,,,
E186,Company B,Finance,Declining,0,74.1,28.0,25.0,34.0,78.0,66.0,86.0,28.0,0.1,,,,,,,
E186,Company B,Finance,Declining,1,77.81,28.0,25.0,34.0,78.0,66.0,86.0,28.0,0.1,,,,,,,
E186,Company B,Finance,Declining,2,76.53,28.0,25.0,34.0,78.0,66.0,86.0,28.0,0.1,,,,,,,
E186,Company B,Finance,Declining,3,74.28,28.0,25.0,34.0,78.0,66.0,86.0,28.0,0.1,,,,,,,
E186,Company B,Finance,Declining,4,76.03,28.0,25.0,34.0,78.0,66.0,86.0,28.0,0.1,,,,,,,
E186,Company B,Finance,Declining,5,75.87,28.0,25.0,34.0,78.0,66.0,86.0,28.0,0.1,,,,,,,
E186,Company B,Finance,Declining,6,76.12,28.0,25.0,34.0,78.0,66.0,86.0,28.0,0.1,,,,,,,
E187,Company B,HR,Resilient,-6,84.76,31.0,14.0,61.0,26.0,27.0,80.0,63.0,0.9,,,,,,,
E187,Company B,HR,Resilient,-5,84.39,31.0,14.0,61.0,26.0,27.0,80.0,63.0,0.9,,,,,,,
E187,Company B,HR,Resilient,-4,86.65,31.0,14.0,61.0,26.0,27.0,80.0,63.0,0.9,,,,,,,
E187,Company B,HR,Resilient,-3,82.83,31.0,14.0,61.0,26.0,27.0,80.0,63.0,0.9,,,,,,,
E187,Company B,HR,Resilient,-2,87.34,31.0,14.0,61.0,26.0,27.0,80.0,63.0,0.9,,,,,,,
E187,Company B,HR,Resilient,-1,85.34,31.0,14.0,61.0,26.0,27.0,80.0,63.0,0.9,,,,,,,
E187,Company B,HR,Resilient,0,76.13,31.0,14.0,61.0,26.0,27.0,80.0,63.0,0.9,,,,,,,
E187,Company B,HR,Resilient,1,81.56,31.0,14.0,61.0,26.0,27.0,80.0,63.0,0.9,,,,,,,
E187,Company B,HR,Resilient,2,85.49,31.0,14.0,61.0,26.0,27.0,80.0,63.0,0.9,,,,,,,
E187,Company B,HR,Resilient,3,92.67,31.0,14.0,61.0,26.0,27.0,80.0,63.0,0.9,,,,,,,
E187,Company B,HR,Resilient,4,98.7,31.0,14.0,61.0,26.0,27.0,80.0,63.0,0.9,,,,,,,
E187,Company B,HR,Resilient,5,100.0,31.0,14.0,61.0,26.0,27.0,80.0,63.0,0.9,,,,,,,
E187,Company B,HR,Resilient,6,100.0,31.0,14.0,61.0,26.0,27.0,80.0,63.0,0.9,,,,,,,
E188,Company B,Finance,Rapid Adaptor,-6,76.54,93.0,39.0,57.0,74.0,84.0,20.0,17.0,0.8,,,,,,,
E188,Company B,Finance,Rapid Adaptor,-5,71.77,93.0,39.0,57.0,74.0,84.0,20.0,17.0,0.8,,,,,,,
E188,Company B,Finance,Rapid Adaptor,-4,74.86,93.0,39.0,57.0,74.0,84.0,20.0,17.0,0.8,,,,,,,
E188,Company B,Finance,Rapid Adaptor,-3,72.35,93.0,39.0,57.0,74.0,84.0,20.0,17.0,0.8,,,,,,,
E188,Company B,Finance,Rapid Adaptor,-2,71.59,93.0,39.0,57.0,74.0,84.0,20.0,17.0,0.8,,,,,,,
E188,Company B,Finance,Rapid Adaptor,-1,73.07,93.0,39.0,57.0,74.0,84.0,20.0,17.0,0.8,,,,,,,
E188,Company B,Finance,Rapid Adaptor,0,65.42,93.0,39.0,57.0,74.0,84.0,20.0,17.0,0.8,,,,,,,
E188,Company B,Finance,Rapid Adaptor,1,69.12,93.0,39.0,57.0,74.0,84.0,20.0,17.0,0.8,,,,,,,
E188,Company B,Finance,Rapid Adaptor,2,71.89,93.0,39.0,57.0,74.0,84.0,20.0,17.0,0.8,,,,,,,
E188,Company B,Finance,Rapid Adaptor,3,72.52,93.0,39.0,57.0,74.0,84.0,20.0,17.0,0.8,,,,,,,
E188,Company B,Finance,Rapid Adaptor,4,79.38,93.0,39.0,57.0,74.0,84.0,20.0,17.0,0.8,,,,,,,
E188,Company B,Finance,Rapid Adaptor,5,84.56,93.0,39.0,57.0,74.0,84.0,20.0,17.0,0.8,,,,,,,
E188,Company B,Finance,Rapid Adaptor,6,88.49,93.0,39.0,57.0,74.0,84.0,20.0,17.0,0.8,,,,,,,
E189,Company B,Finance,Resilient,-6,73.31,81.0,95.0,52.0,2.0,65.0,96.0,41.0,0.9,,,,,,,
E189,Company B,Finance,Resilient,-5,68.75,81.0,95.0,52.0,2.0,65.0,96.0,41.0,0.9,,,,,,,
E189,Company B,Finance,Resilient,-4,71.02,81.0,95.0,52.0,2.0,65.0,96.0,41.0,0.9,,,,,,,
E189,Company B,Finance,Resilient,-3,74.07,81.0,95.0,52.0,2.0,65.0,96.0,41.0,0.9,,,,,,,
E189,Company B,Finance,Resilient,-2,73.66,81.0,95.0,52.0,2.0,65.0,96.0,41.0,0.9,,,,,,,
E189,Company B,Finance,Resilient,-1,73.26,81.0,95.0,52.0,2.0,65.0,96.0,41.0,0.9,,,,,,,
E189,Company B,Finance,Resilient,0,59.32,81.0,95.0,52.0,2.0,65.0,96.0,41.0,0.9,,,,,,,
E189,Company B,Finance,Resilient,1,61.54,81.0,95.0,52.0,2.0,65.0,96.0,41.0,0.9,,,,,,,
E189,Company B,Finance,Resilient,2,60.12,81.0,95.0,52.0,2.0,65.0,96.0,41.0,0.9,,,,,,,
E189,Company B,Finance,Resilient,3,67.15,81.0,95.0,52.0,2.0,65.0,96.0,41.0,0.9,,,,,,,
E189,Company B,Finance,Resilient,4,71.54,81.0,95.0,52.0,2.0,65.0,96.0,41.0,0.9,,,,,,,
E189,Company B,Finance,Resilient,5,75.04,81.0,95.0,52.0,2.0,65.0,96.0,41.0,0.9,,,,,,,
E189,Company B,Finance,Resilient,6,77.85,81.0,95.0,52.0,2.0,65.0,96.0,41.0,0.9,,,,,,,
E190,Company B,Operations,Delayed Adaptor,-6,94.12,79.0,70.0,77.0,42.0,25.0,89.0,77.0,0.5,,,,,,,
E190,Company B,Operations,Delayed Adaptor,-5,92.81,79.0,70.0,77.0,42.0,25.0,89.0,77.0,0.5,,,,,,,
E190,Company B,Operations,Delayed Adaptor,-4,95.63,79.0,70.0,77.0,42.0,25.0,89.0,77.0,0.5,,,,,,,
E190,Company B,Operations,Delayed Adaptor,-3,95.64,79.0,70.0,77.0,42.0,25.0,89.0,77.0,0.5,,,,,,,
E190,Company B,Operations,Delayed Adaptor,-2,96.91,79.0,70.0,77.0,42.0,25.0,89.0,77.0,0.5,,,,,,,
E190,Company B,Operations,Delayed Adaptor,-1,97.71,79.0,70.0,77.0,42.0,25.0,89.0,77.0,0.5,,,,,,,
E190,Company B,Operations,Delayed Adaptor,0,77.56,79.0,70.0,77.0,42.0,25.0,89.0,77.0,0.5,,,,,,,
E190,Company B,Operations,Delayed Adaptor,1,84.15,79.0,70.0,77.0,42.0,25.0,89.0,77.0,0.5,,,,,,,
E190,Company B,Operations,Delayed Adaptor,2,83.65,79.0,70.0,77.0,42.0,25.0,89.0,77.0,0.5,,,,,,,
E190,Company B,Operations,Delayed Adaptor,3,85.28,79.0,70.0,77.0,42.0,25.0,89.0,77.0,0.5,,,,,,,
E190,Company B,Operations,Delayed Adaptor,4,85.51,79.0,70.0,77.0,42.0,25.0,89.0,77.0,0.5,,,,,,,
E190,Company B,Operations,Delayed Adaptor,5,90.97,79.0,70.0,77.0,42.0,25.0,89.0,77.0,0.5,,,,,,,
E190,Company B,Operations,Delayed Adaptor,6,93.59,79.0,70.0,77.0,42.0,25.0,89.0,77.0,0.5,,,,,,,
E191,Company B,IT,Resilient,-6,70.17,47.0,1.0,83.0,19.0,58.0,45.0,2.0,0.9,,,,,,,
E191,Company B,IT,Resilient,-5,69.82,47.0,1.0,83.0,19.0,58.0,45.0,2.0,0.9,,,,,,,
E191,Company B,IT,Resilient,-4,72.51,47.0,1.0,83.0,19.0,58.0,45.0,2.0,0.9,,,,,,,
E191,Company B,IT,Resilient,-3,71.12,47.0,1.0,83.0,19.0,58.0,45.0,2.0,0.9,,,,,,,
E191,Company B,IT,Resilient,-2,69.97,47.0,1.0,83.0,19.0,58.0,45.0,2.0,0.9,,,,,,,
E191,Company B,IT,Resilient,-1,69.04,47.0,1.0,83.0,19.0,58.0,45.0,2.0,0.9,,,,,,,
E191,Company B,IT,Resilient,0,74.63,47.0,1.0,83.0,19.0,58.0,45.0,2.0,0.9,,,,,,,
E191,Company B,IT,Resilient,1,73.9,47.0,1.0,83.0,19.0,58.0,45.0,2.0,0.9,,,,,,,
E191,Company B,IT,Resilient,2,81.19,47.0,1.0,83.0,19.0,58.0,45.0,2.0,0.9,,,,,,,
E191,Company B,IT,Resilient,3,82.83,47.0,1.0,83.0,19.0,58.0,45.0,2.0,0.9,,,,,,,
E191,Company B,IT,Resilient,4,89.57,47.0,1.0,83.0,19.0,58.0,45.0,2.0,0.9,,,,,,,
E191,Company B,IT,Resilient,5,100.0,47.0,1.0,83.0,19.0,58.0,45.0,2.0,0.9,,,,,,,
E191,Company B,IT,Resilient,6,100.0,47.0,1.0,83.0,19.0,58.0,45.0,2.0,0.9,,,,,,,
E192,Company B,IT,Stable Specialist,-6,80.09,14.0,63.0,2.0,68.0,22.0,52.0,36.0,0.6,,,,,,,
E192,Company B,IT,Stable Specialist,-5,85.13,14.0,63.0,2.0,68.0,22.0,52.0,36.0,0.6,,,,,,,
E192,Company B,IT,Stable Specialist,-4,84.77,14.0,63.0,2.0,68.0,22.0,52.0,36.0,0.6,,,,,,,
E192,Company B,IT,Stable Specialist,-3,84.58,14.0,63.0,2.0,68.0,22.0,52.0,36.0,0.6,,,,,,,
E192,Company B,IT,Stable Specialist,-2,84.15,14.0,63.0,2.0,68.0,22.0,52.0,36.0,0.6,,,,,,,
E192,Company B,IT,Stable Specialist,-1,82.01,14.0,63.0,2.0,68.0,22.0,52.0,36.0,0.6,,,,,,,
E192,Company B,IT,Stable Specialist,0,74.63,14.0,63.0,2.0,68.0,22.0,52.0,36.0,0.6,,,,,,,
E192,Company B,IT,Stable Specialist,1,77.91,14.0,63.0,2.0,68.0,22.0,52.0,36.0,0.6,,,,,,,
E192,Company B,IT,Stable Specialist,2,77.6,14.0,63.0,2.0,68.0,22.0,52.0,36.0,0.6,,,,,,,
E192,Company B,IT,Stable Specialist,3,86.03,14.0,63.0,2.0,68.0,22.0,52.0,36.0,0.6,,,,,,,
E192,Company B,IT,Stable Specialist,4,87.3,14.0,63.0,2.0,68.0,22.0,52.0,36.0,0.6,,,,,,,
E192,Company B,IT,Stable Specialist,5,90.94,14.0,63.0,2.0,68.0,22.0,52.0,36.0,0.6,,,,,,,
E192,Company B,IT,Stable Specialist,6,93.98,14.0,63.0,2.0,68.0,22.0,52.0,36.0,0.6,,,,,,,
E193,Company B,Marketing,Rapid Adaptor,-6,76.3,12.0,97.0,84.0,85.0,3.0,81.0,68.0,0.8,,,,,,,
E193,Company B,Marketing,Rapid Adaptor,-5,74.83,12.0,97.0,84.0,85.0,3.0,81.0,68.0,0.8,,,,,,,
E193,Company B,Marketing,Rapid Adaptor,-4,71.02,12.0,97.0,84.0,85.0,3.0,81.0,68.0,0.8,,,,,,,
E193,Company B,Marketing,Rapid Adaptor,-3,71.96,12.0,97.0,84.0,85.0,3.0,81.0,68.0,0.8,,,,,,,
E193,Company B,Marketing,Rapid Adaptor,-2,73.81,12.0,97.0,84.0,85.0,3.0,81.0,68.0,0.8,,,,,,,
E193,Company B,Marketing,Rapid Adaptor,-1,75.97,12.0,97.0,84.0,85.0,3.0,81.0,68.0,0.8,,,,,,,
E193,Company B,Marketing,Rapid Adaptor,0,59.47,12.0,97.0,84.0,85.0,3.0,81.0,68.0,0.8,,,,,,,
E193,Company B,Marketing,Rapid Adaptor,1,63.24,12.0,97.0,84.0,85.0,3.0,81.0,68.0,0.8,,,,,,,
E193,Company B,Marketing,Rapid Adaptor,2,69.58,12.0,97.0,84.0,85.0,3.0,81.0,68.0,0.8,,,,,,,
E193,Company B,Marketing,Rapid Adaptor,3,70.57,12.0,97.0,84.0,85.0,3.0,81.0,68.0,0.8,,,,,,,
E193,Company B,Marketing,Rapid Adaptor,4,77.97,12.0,97.0,84.0,85.0,3.0,81.0,68.0,0.8,,,,,,,
E193,Company B,Marketing,Rapid Adaptor,5,81.27,12.0,97.0,84.0,85.0,3.0,81.0,68.0,0.8,,,,,,,
E193,Company B,Marketing,Rapid Adaptor,6,82.62,12.0,97.0,84.0,85.0,3.0,81.0,68.0,0.8,,,,,,,
E194,Company B,HR,Rapid Adaptor,-6,81.39,93.0,38.0,19.0,87.0,86.0,6.0,8.0,0.8,,,,,,,
E194,Company B,HR,Rapid Adaptor,-5,83.05,93.0,38.0,19.0,87.0,86.0,6.0,8.0,0.8,,,,,,,
E194,Company B,HR,Rapid Adaptor,-4,82.01,93.0,38.0,19.0,87.0,86.0,6.0,8.0,0.8,,,,,,,
E194,Company B,HR,Rapid Adaptor,-3,84.3,93.0,38.0,19.0,87.0,86.0,6.0,8.0,0.8,,,,,,,
E194,Company B,HR,Rapid Adaptor,-2,82.64,93.0,38.0,19.0,87.0,86.0,6.0,8.0,0.8,,,,,,,
E194,Company B,HR,Rapid Adaptor,-1,83.16,93.0,38.0,19.0,87.0,86.0,6.0,8.0,0.8,,,,,,,
E194,Company B,HR,Rapid Adaptor,0,77.23,93.0,38.0,19.0,87.0,86.0,6.0,8.0,0.8,,,,,,,
E194,Company B,HR,Rapid Adaptor,1,82.33,93.0,38.0,19.0,87.0,86.0,6.0,8.0,0.8,,,,,,,
E194,Company B,HR,Rapid Adaptor,2,90.72,93.0,38.0,19.0,87.0,86.0,6.0,8.0,0.8,,,,,,,
E194,Company B,HR,Rapid Adaptor,3,96.86,93.0,38.0,19.0,87.0,86.0,6.0,8.0,0.8,,,,,,,
E194,Company B,HR,Rapid Adaptor,4,97.6,93.0,38.0,19.0,87.0,86.0,6.0,8.0,0.8,,,,,,,
E194,Company B,HR,Rapid Adaptor,5,100.0,93.0,38.0,19.0,87.0,86.0,6.0,8.0,0.8,,,,,,,
E194,Company B,HR,Rapid Adaptor,6,100.0,93.0,38.0,19.0,87.0,86.0,6.0,8.0,0.8,,,,,,,
E195,Company B,Marketing,Delayed Adaptor,-6,84.83,95.0,75.0,47.0,41.0,26.0,73.0,51.0,0.5,,,,,,,
E195,Company B,Marketing,Delayed Adaptor,-5,87.81,95.0,75.0,47.0,41.0,26.0,73.0,51.0,0.5,,,,,,,
E195,Company B,Marketing,Delayed Adaptor,-4,84.58,95.0,75.0,47.0,41.0,26.0,73.0,51.0,0.5,,,,,,,
E195,Company B,Marketing,Delayed Adaptor,-3,82.03,95.0,75.0,47.0,41.0,26.0,73.0,51.0,0.5,,,,,,,
E195,Company B,Marketing,Delayed Adaptor,-2,81.16,95.0,75.0,47.0,41.0,26.0,73.0,51.0,0.5,,,,,,,
E195,Company B,Marketing,Delayed Adaptor,-1,87.86,95.0,75.0,47.0,41.0,26.0,73.0,51.0,0.5,,,,,,,
E195,Company B,Marketing,Delayed Adaptor,0,62.97,95.0,75.0,47.0,41.0,26.0,73.0,51.0,0.5,,,,,,,
E195,Company B,Marketing,Delayed Adaptor,1,68.49,95.0,75.0,47.0,41.0,26.0,73.0,51.0,0.5,,,,,,,
E195,Company B,Marketing,Delayed Adaptor,2,69.9,95.0,75.0,47.0,41.0,26.0,73.0,51.0,0.5,,,,,,,
E195,Company B,Marketing,Delayed Adaptor,3,71.54,95.0,75.0,47.0,41.0,26.0,73.0,51.0,0.5,,,,,,,
E195,Company B,Marketing,Delayed Adaptor,4,74.46,95.0,75.0,47.0,41.0,26.0,73.0,51.0,0.5,,,,,,,
E195,Company B,Marketing,Delayed Adaptor,5,80.75,95.0,75.0,47.0,41.0,26.0,73.0,51.0,0.5,,,,,,,
E195,Company B,Marketing,Delayed Adaptor,6,77.3,95.0,75.0,47.0,41.0,26.0,73.0,51.0,0.5,,,,,,,
E196,Company B,Marketing,Declining,-6,93.4,87.0,71.0,29.0,43.0,52.0,9.0,86.0,0.1,,,,,,,
E196,Company B,Marketing,Declining,-5,93.52,87.0,71.0,29.0,43.0,52.0,9.0,86.0,0.1,,,,,,,
E196,Company B,Marketing,Declining,-4,88.96,87.0,71.0,29.0,43.0,52.0,9.0,86.0,0.1,,,,,,,
E196,Company B,Marketing,Declining,-3,89.49,87.0,71.0,29.0,43.0,52.0,9.0,86.0,0.1,,,,,,,
E196,Company B,Marketing,Declining,-2,86.11,87.0,71.0,29.0,43.0,52.0,9.0,86.0,0.1,,,,,,,
E196,Company B,Marketing,Declining,-1,90.17,87.0,71.0,29.0,43.0,52.0,9.0,86.0,0.1,,,,,,,
E196,Company B,Marketing,Declining,0,65.52,87.0,71.0,29.0,43.0,52.0,9.0,86.0,0.1,,,,,,,
E196,Company B,Marketing,Declining,1,65.13,87.0,71.0,29.0,43.0,52.0,9.0,86.0,0.1,,,,,,,
E196,Company B,Marketing,Declining,2,64.15,87.0,71.0,29.0,43.0,52.0,9.0,86.0,0.1,,,,,,,
E196,Company B,Marketing,Declining,3,65.04,87.0,71.0,29.0,43.0,52.0,9.0,86.0,0.1,,,,,,,
E196,Company B,Marketing,Declining,4,64.2,87.0,71.0,29.0,43.0,52.0,9.0,86.0,0.1,,,,,,,
E196,Company B,Marketing,Declining,5,66.48,87.0,71.0,29.0,43.0,52.0,9.0,86.0,0.1,,,,,,,
E196,Company B,Marketing,Declining,6,68.09,87.0,71.0,29.0,43.0,52.0,9.0,86.0,0.1,,,,,,,
E197,Company B,Sales,Stable Specialist,-6,75.46,89.0,57.0,75.0,1.0,74.0,27.0,81.0,0.6,,,,,,,
E197,Company B,Sales,Stable Specialist,-5,79.19,89.0,57.0,75.0,1.0,74.0,27.0,81.0,0.6,,,,,,,
E197,Company B,Sales,Stable Specialist,-4,77.64,89.0,57.0,75.0,1.0,74.0,27.0,81.0,0.6,,,,,,,
E197,Company B,Sales,Stable Specialist,-3,78.97,89.0,57.0,75.0,1.0,74.0,27.0,81.0,0.6,,,,,,,
E197,Company B,Sales,Stable Specialist,-2,80.14,89.0,57.0,75.0,1.0,74.0,27.0,81.0,0.6,,,,,,,
E197,Company B,Sales,Stable Specialist,-1,79.16,89.0,57.0,75.0,1.0,74.0,27.0,81.0,0.6,,,,,,,
E197,Company B,Sales,Stable Specialist,0,61.7,89.0,57.0,75.0,1.0,74.0,27.0,81.0,0.6,,,,,,,
E197,Company B,Sales,Stable Specialist,1,66.32,89.0,57.0,75.0,1.0,74.0,27.0,81.0,0.6,,,,,,,
E197,Company B,Sales,Stable Specialist,2,73.78,89.0,57.0,75.0,1.0,74.0,27.0,81.0,0.6,,,,,,,
E197,Company B,Sales,Stable Specialist,3,75.19,89.0,57.0,75.0,1.0,74.0,27.0,81.0,0.6,,,,,,,
E197,Company B,Sales,Stable Specialist,4,79.82,89.0,57.0,75.0,1.0,74.0,27.0,81.0,0.6,,,,,,,
E197,Company B,Sales,Stable Specialist,5,82.24,89.0,57.0,75.0,1.0,74.0,27.0,81.0,0.6,,,,,,,
E197,Company B,Sales,Stable Specialist,6,86.96,89.0,57.0,75.0,1.0,74.0,27.0,81.0,0.6,,,,,,,
E198,Company B,Operations,Delayed Adaptor,-6,84.15,31.0,98.0,14.0,99.0,84.0,69.0,64.0,0.5,,,,,,,
E198,Company B,Operations,Delayed Adaptor,-5,82.89,31.0,98.0,14.0,99.0,84.0,69.0,64.0,0.5,,,,,,,
E198,Company B,Operations,Delayed Adaptor,-4,85.48,31.0,98.0,14.0,99.0,84.0,69.0,64.0,0.5,,,,,,,
E198,Company B,Operations,Delayed Adaptor,-3,88.47,31.0,98.0,14.0,99.0,84.0,69.0,64.0,0.5,,,,,,,
E198,Company B,Operations,Delayed Adaptor,-2,85.75,31.0,98.0,14.0,99.0,84.0,69.0,64.0,0.5,,,,,,,
E198,Company B,Operations,Delayed Adaptor,-1,86.93,31.0,98.0,14.0,99.0,84.0,69.0,64.0,0.5,,,,,,,
E198,Company B,Operations,Delayed Adaptor,0,68.23,31.0,98.0,14.0,99.0,84.0,69.0,64.0,0.5,,,,,,,
E198,Company B,Operations,Delayed Adaptor,1,66.96,31.0,98.0,14.0,99.0,84.0,69.0,64.0,0.5,,,,,,,
E198,Company B,Operations,Delayed Adaptor,2,70.81,31.0,98.0,14.0,99.0,84.0,69.0,64.0,0.5,,,,,,,
E198,Company B,Operations,Delayed Adaptor,3,75.25,31.0,98.0,14.0,99.0,84.0,69.0,64.0,0.5,,,,,,,
E198,Company B,Operations,Delayed Adaptor,4,76.75,31.0,98.0,14.0,99.0,84.0,69.0,64.0,0.5,,,,,,,
E198,Company B,Operations,Delayed Adaptor,5,83.9,31.0,98.0,14.0,99.0,84.0,69.0,64.0,0.5,,,,,,,
E198,Company B,Operations,Delayed Adaptor,6,80.66,31.0,98.0,14.0,99.0,84.0,69.0,64.0,0.5,,,,,,,
E199,Company B,IT,Declining,-6,76.3,97.0,76.0,57.0,77.0,74.0,41.0,37.0,0.1,,,,,,,
E199,Company B,IT,Declining,-5,80.78,97.0,76.0,57.0,77.0,74.0,41.0,37.0,0.1,,,,,,,
E199,Company B,IT,Declining,-4,80.28,97.0,76.0,57.0,77.0,74.0,41.0,37.0,0.1,,,,,,,
E199,Company B,IT,Declining,-3,80.04,97.0,76.0,57.0,77.0,74.0,41.0,37.0,0.1,,,,,,,
E199,Company B,IT,Declining,-2,80.36,97.0,76.0,57.0,77.0,74.0,41.0,37.0,0.1,,,,,,,
E199,Company B,IT,Declining,-1,78.42,97.0,76.0,57.0,77.0,74.0,41.0,37.0,0.1,,,,,,,
E199,Company B,IT,Declining,0,50.83,97.0,76.0,57.0,77.0,74.0,41.0,37.0,0.1,,,,,,,
E199,Company B,IT,Declining,1,49.32,97.0,76.0,57.0,77.0,74.0,41.0,37.0,0.1,,,,,,,
E199,Company B,IT,Declining,2,48.31,97.0,76.0,57.0,77.0,74.0,41.0,37.0,0.1,,,,,,,
E199,Company B,IT,Declining,3,52.11,97.0,76.0,57.0,77.0,74.0,41.0,37.0,0.1,,,,,,,
E199,Company B,IT,Declining,4,47.9,97.0,76.0,57.0,77.0,74.0,41.0,37.0,0.1,,,,,,,
E199,Company B,IT,Declining,5,50.19,97.0,76.0,57.0,77.0,74.0,41.0,37.0,0.1,,,,,,,
E199,Company B,IT,Declining,6,46.91,97.0,76.0,57.0,77.0,74.0,41.0,37.0,0.1,,,,,,,
E200,Company B,HR,Resilient,-6,83.56,97.0,77.0,3.0,92.0,40.0,44.0,49.0,0.9,,,,,,,
E200,Company B,HR,Resilient,-5,81.77,97.0,77.0,3.0,92.0,40.0,44.0,49.0,0.9,,,,,,,
E200,Company B,HR,Resilient,-4,81.42,97.0,77.0,3.0,92.0,40.0,44.0,49.0,0.9,,,,,,,
E200,Company B,HR,Resilient,-3,79.52,97.0,77.0,3.0,92.0,40.0,44.0,49.0,0.9,,,,,,,
E200,Company B,HR,Resilient,-2,81.86,97.0,77.0,3.0,92.0,40.0,44.0,49.0,0.9,,,,,,,
E200,Company B,HR,Resilient,-1,79.74,97.0,77.0,3.0,92.0,40.0,44.0,49.0,0.9,,,,,,,
E200,Company B,HR,Resilient,0,61.97,97.0,77.0,3.0,92.0,40.0,44.0,49.0,0.9,,,,,,,
E200,Company B,HR,Resilient,1,69.8,97.0,77.0,3.0,92.0,40.0,44.0,49.0,0.9,,,,,,,
E200,Company B,HR,Resilient,2,72.52,97.0,77.0,3.0,92.0,40.0,44.0,49.0,0.9,,,,,,,
E200,Company B,HR,Resilient,3,81.39,97.0,77.0,3.0,92.0,40.0,44.0,49.0,0.9,,,,,,,
E200,Company B,HR,Resilient,4,84.25,97.0,77.0,3.0,92.0,40.0,44.0,49.0,0.9,,,,,,,
E200,Company B,HR,Resilient,5,89.87,97.0,77.0,3.0,92.0,40.0,44.0,49.0,0.9,,,,,,,
E200,Company B,HR,Resilient,6,89.34,97.0,77.0,3.0,92.0,40.0,44.0,49.0,0.9,,,,,,,
E201,,Finance,Resilient,-6,69.8,,,,,,,,,16.0,34.0,88.0,22.0,74.0,89.0,100.0
E201,,Finance,Resilient,-5,69.8,,,,,,,,,16.0,34.0,88.0,22.0,74.0,89.0,100.0
E201,,Finance,Resilient,-4,69.8,,,,,,,,,16.0,34.0,88.0,22.0,74.0,89.0,100.0
E201,,Finance,Resilient,-3,69.8,,,,,,,,,16.0,34.0,88.0,22.0,74.0,89.0,100.0
E201,,Finance,Resilient,-2,69.8,,,,,,,,,16.0,34.0,88.0,22.0,74.0,89.0,100.0
E201,,Finance,Resilient,-1,69.8,,,,,,,,,16.0,34.0,88.0,22.0,74.0,89.0,100.0
E201,,Finance,Resilient,0,60.0,,,,,,,,,16.0,34.0,88.0,22.0,74.0,89.0,100.0
E201,,Finance,Resilient,1,60.0,,,,,,,,,16.0,34.0,88.0,22.0,74.0,89.0,100.0
E201,,Finance,Resilient,2,60.0,,,,,,,,,16.0,34.0,88.0,22.0,74.0,89.0,100.0
E201,,Finance,Resilient,3,60.0,,,,,,,,,16.0,34.0,88.0,22.0,74.0,89.0,100.0
E201,,Finance,Resilient,4,60.0,,,,,,,,,16.0,34.0,88.0,22.0,74.0,89.0,100.0
E201,,Finance,Resilient,5,60.0,,,,,,,,,16.0,34.0,88.0,22.0,74.0,89.0,100.0
E201,,Finance,Resilient,6,60.0,,,,,,,,,16.0,34.0,88.0,22.0,74.0,89.0,100.0
